34325880508	2026-09-09T07:50:05Z	lint-bot-statuses	2026-09-09T07:52:33Z	2026-09-09T07:53:06Z	success	1000744758	15
34325880508	2026-09-09T07:50:05Z	detect-changes	2026-09-09T07:51:53Z	2026-09-09T07:52:11Z	success	1000744743	5
34325880508	2026-09-09T07:50:05Z	test-bun	2026-09-09T07:53:16Z	2026-09-09T07:54:29Z	success	1000744768	10
34325880508	2026-09-09T07:50:05Z	service-role-allowlist-gate	2026-09-09T07:53:52Z	2026-09-09T07:54:05Z	success	1000744781	6
34325880508	2026-09-09T07:50:05Z	lint-conversations-update-callsites	2026-09-09T07:53:53Z	2026-09-09T07:54:07Z	success	1000744782	5
34325880508	2026-09-09T07:50:05Z	grok-fidelity	2026-09-09T07:55:38Z	2026-09-09T07:56:00Z	success	1000744818	8
34325880508	2026-09-09T07:50:05Z	rule-body-lint	2026-09-09T07:52:52Z	2026-09-09T07:53:13Z	success	1000744764	5
34325880508	2026-09-09T07:50:05Z	tc-document-sha-guard	2026-09-09T07:57:14Z	2026-09-09T07:57:32Z	success	1000744853	5
34325880508	2026-09-09T07:50:05Z	e2e	2026-09-09T07:54:06Z	2026-09-09T07:57:49Z	success	1000744784	10
34325880508	2026-09-09T07:50:05Z	test-scripts (3/3)	2026-09-09T07:53:34Z	2026-09-09T08:07:08Z	success	1000744776	9
34325880508	2026-09-09T07:50:05Z	lockfile-sync	2026-09-09T07:56:10Z	2026-09-09T07:56:47Z	success	1000744831	15
34325880508	2026-09-09T07:50:05Z	credential-path-guard	2026-09-09T07:59:00Z	2026-09-09T07:59:23Z	success	1000744885	5
34325880508	2026-09-09T07:50:05Z	rule-metrics-shape	2026-09-09T07:55:52Z	2026-09-09T07:56:05Z	success	1000744823	5
34325880508	2026-09-09T07:50:05Z	encryption-posture	2026-09-09T07:56:57Z	2026-09-09T07:57:11Z	success	1000744846	5
34325880508	2026-09-09T07:50:05Z	web-platform-build	2026-09-09T07:56:58Z	2026-09-09T07:58:57Z	success	1000744847	8
34325880508	2026-09-09T07:50:05Z	adr-ordinals	2026-09-09T07:56:46Z	2026-09-09T07:57:00Z	success	1000744841	5
34325880508	2026-09-09T07:50:05Z	test-scripts (2/3)	2026-09-09T07:55:55Z	2026-09-09T08:14:49Z	success	1000744825	9
34325880508	2026-09-09T07:50:05Z	test-webplat (2/2)	2026-09-09T07:57:14Z	2026-09-09T08:00:56Z	success	1000744852	11
34325880508	2026-09-09T07:50:05Z	test-webplat (1/2)	2026-09-09T07:55:55Z	2026-09-09T08:00:11Z	success	1000744824	11
34325880508	2026-09-09T07:50:05Z	test-scripts (1/3)	2026-09-09T07:58:19Z	2026-09-09T08:05:26Z	success	1000744873	9
34325880508	2026-09-09T07:50:05Z	readme-counts	2026-09-09T07:59:12Z	2026-09-09T07:59:24Z	success	1000744889	5
34325880508	2026-09-09T07:50:05Z	marketplace-manifest-guard	2026-09-09T07:58:59Z	2026-09-09T07:59:13Z	success	1000744886	7
34325880508	2026-09-09T07:50:05Z	lint-webplat	2026-09-09T07:51:59Z	2026-09-09T07:53:24Z	success	1000744747	9
34325880508	2026-09-09T07:50:05Z	shard-totality-mutations	2026-09-09T07:59:25Z	2026-09-09T08:01:03Z	success	1000744894	5
34325880508	2026-09-09T07:50:05Z	plugin-root-propagation-gate	2026-09-09T07:50:06Z	2026-09-09T07:50:05Z	skipped	null	0
34325880508	2026-09-09T07:50:05Z	sandbox-canary-capture-gate	2026-09-09T07:50:06Z	2026-09-09T07:50:05Z	skipped	null	0
34325880508	2026-09-09T07:50:05Z	critical-css-gate	2026-09-09T07:59:25Z	2026-09-09T08:00:19Z	success	1000744895	14
34325880508	2026-09-09T07:50:05Z	test	2026-09-09T08:14:52Z	2026-09-09T08:14:56Z	success	1000745168	3
34323661245	2026-09-09T07:24:15Z	detect-changes	2026-09-09T07:24:19Z	2026-09-09T07:25:11Z	success	1000744385	5
34323661245	2026-09-09T07:24:15Z	lint-bot-statuses	2026-09-09T07:25:31Z	2026-09-09T07:26:05Z	success	1000744403	15
34323661245	2026-09-09T07:24:15Z	critical-css-gate	2026-09-09T07:45:11Z	2026-09-09T07:46:05Z	success	1000744620	14
34323661245	2026-09-09T07:24:15Z	test-scripts (3/3)	2026-09-09T07:24:39Z	2026-09-09T07:38:05Z	success	1000744392	9
34323661245	2026-09-09T07:24:15Z	rule-metrics-shape	2026-09-09T07:25:49Z	2026-09-09T07:26:03Z	success	1000744410	5
34323661245	2026-09-09T07:24:15Z	test-scripts (1/3)	2026-09-09T07:25:38Z	2026-09-09T07:33:02Z	success	1000744407	9
34323661245	2026-09-09T07:24:15Z	test-webplat (1/2)	2026-09-09T07:24:59Z	2026-09-09T07:28:17Z	success	1000744398	11
34323661245	2026-09-09T07:24:15Z	plugin-root-propagation-gate	2026-09-09T07:45:02Z	2026-09-09T07:24:16Z	skipped	null	0
34323661245	2026-09-09T07:24:15Z	test-webplat (2/2)	2026-09-09T07:24:19Z	2026-09-09T07:28:00Z	success	1000744386	11
34323661245	2026-09-09T07:24:15Z	lint-webplat	2026-09-09T07:24:19Z	2026-09-09T07:25:34Z	success	1000744381	9
34323661245	2026-09-09T07:24:15Z	test	2026-09-09T07:43:28Z	2026-09-09T07:43:33Z	success	1000744582	3
34323661245	2026-09-09T07:24:15Z	test-bun	2026-09-09T07:24:47Z	2026-09-09T07:25:56Z	success	1000744395	10
34323661245	2026-09-09T07:24:15Z	shard-totality-mutations	2026-09-09T07:25:38Z	2026-09-09T07:26:57Z	success	1000744406	5
34323661245	2026-09-09T07:24:15Z	web-platform-build	2026-09-09T07:25:36Z	2026-09-09T07:27:16Z	success	1000744405	8
34323661245	2026-09-09T07:24:15Z	test-scripts (2/3)	2026-09-09T07:25:59Z	2026-09-09T07:43:25Z	success	1000744411	9
34323661245	2026-09-09T07:24:15Z	sandbox-canary-capture-gate	2026-09-09T07:45:08Z	2026-09-09T07:24:16Z	skipped	null	0
34323661245	2026-09-09T07:24:15Z	service-role-allowlist-gate	2026-09-09T07:25:46Z	2026-09-09T07:26:00Z	success	1000744409	6
34323661245	2026-09-09T07:24:15Z	tc-document-sha-guard	2026-09-09T07:24:19Z	2026-09-09T07:24:37Z	success	1000744384	5
34323661245	2026-09-09T07:24:15Z	adr-ordinals	2026-09-09T07:25:46Z	2026-09-09T07:26:00Z	success	1000744408	5
34323661245	2026-09-09T07:24:15Z	credential-path-guard	2026-09-09T07:24:40Z	2026-09-09T07:24:56Z	success	1000744394	5
34323661245	2026-09-09T07:24:15Z	readme-counts	2026-09-09T07:24:19Z	2026-09-09T07:24:33Z	success	1000744382	5
34323661245	2026-09-09T07:24:15Z	rule-body-lint	2026-09-09T07:26:00Z	2026-09-09T07:26:19Z	success	1000744412	5
34323661245	2026-09-09T07:24:15Z	grok-fidelity	2026-09-09T07:25:14Z	2026-09-09T07:25:36Z	success	1000744400	8
34323661245	2026-09-09T07:24:15Z	lockfile-sync	2026-09-09T07:25:23Z	2026-09-09T07:25:56Z	success	1000744402	15
34323661245	2026-09-09T07:24:15Z	encryption-posture	2026-09-09T07:24:19Z	2026-09-09T07:24:32Z	success	1000744380	5
34323661245	2026-09-09T07:24:15Z	e2e	2026-09-09T07:25:32Z	2026-09-09T07:29:22Z	success	1000744404	10
34323661245	2026-09-09T07:24:15Z	marketplace-manifest-guard	2026-09-09T07:24:39Z	2026-09-09T07:24:51Z	success	1000744391	7
34323661245	2026-09-09T07:24:15Z	lint-conversations-update-callsites	2026-09-09T07:24:19Z	2026-09-09T07:24:32Z	success	1000744383	5
34278972374	2026-09-08T21:09:26Z	readme-counts	2026-09-08T21:16:03Z	2026-09-08T21:16:14Z	success	1000743670	5
34278972374	2026-09-08T21:09:26Z	service-role-allowlist-gate	2026-09-08T21:16:02Z	2026-09-08T21:16:15Z	success	1000743672	6
34278972374	2026-09-08T21:09:26Z	test-webplat (1/2)	2026-09-08T21:16:03Z	2026-09-08T21:20:43Z	success	1000743671	11
34278972374	2026-09-08T21:09:26Z	encryption-posture	2026-09-08T21:16:03Z	2026-09-08T21:16:16Z	success	1000743675	5
34278972374	2026-09-08T21:09:26Z	test-scripts (2/3)	2026-09-08T21:16:03Z	2026-09-08T21:36:31Z	success	1000743673	9
34278972374	2026-09-08T21:09:26Z	grok-fidelity	2026-09-08T21:16:02Z	2026-09-08T21:16:19Z	success	1000743676	8
34278972374	2026-09-08T21:09:26Z	test-webplat (2/2)	2026-09-08T21:16:04Z	2026-09-08T21:19:45Z	success	1000743674	11
34278972374	2026-09-08T21:09:26Z	lockfile-sync	2026-09-08T21:16:21Z	2026-09-08T21:16:56Z	success	1000743691	15
34278972374	2026-09-08T21:09:26Z	test-scripts (3/3)	2026-09-08T21:16:03Z	2026-09-08T21:25:36Z	success	1000743682	9
34278972374	2026-09-08T21:09:26Z	test-scripts (1/3)	2026-09-08T21:16:03Z	2026-09-08T21:21:41Z	success	1000743681	9
34278972374	2026-09-08T21:09:26Z	e2e	2026-09-08T21:16:03Z	2026-09-08T21:19:40Z	success	1000743679	10
34278972374	2026-09-08T21:09:26Z	credential-path-guard	2026-09-08T21:16:03Z	2026-09-08T21:16:24Z	success	1000743677	5
34278972374	2026-09-08T21:09:26Z	marketplace-manifest-guard	2026-09-08T21:16:03Z	2026-09-08T21:16:19Z	success	1000743678	7
34278972374	2026-09-08T21:09:26Z	tc-document-sha-guard	2026-09-08T21:16:06Z	2026-09-08T21:16:26Z	success	1000743685	5
34278972374	2026-09-08T21:09:26Z	lint-bot-statuses	2026-09-08T21:16:17Z	2026-09-08T21:16:51Z	success	1000743687	15
34278972374	2026-09-08T21:09:26Z	detect-changes	2026-09-08T21:16:17Z	2026-09-08T21:16:35Z	success	1000743689	5
34278972374	2026-09-08T21:09:26Z	lint-conversations-update-callsites	2026-09-08T21:16:11Z	2026-09-08T21:16:19Z	success	1000743686	5
34278972374	2026-09-08T21:09:26Z	adr-ordinals	2026-09-08T21:16:03Z	2026-09-08T21:16:14Z	success	1000743684	5
34278972374	2026-09-08T21:09:26Z	test-bun	2026-09-08T21:16:03Z	2026-09-08T21:17:12Z	success	1000743683	10
34278972374	2026-09-08T21:09:26Z	web-platform-build	2026-09-08T21:16:03Z	2026-09-08T21:17:55Z	success	1000743680	8
34278972374	2026-09-08T21:09:26Z	shard-totality-mutations	2026-09-08T21:16:17Z	2026-09-08T21:17:24Z	success	1000743688	5
34278972374	2026-09-08T21:09:26Z	lint-webplat	2026-09-08T21:16:18Z	2026-09-08T21:17:48Z	success	1000743690	9
34278972374	2026-09-08T21:09:26Z	rule-body-lint	2026-09-08T21:16:22Z	2026-09-08T21:16:39Z	success	1000743693	5
34278972374	2026-09-08T21:09:26Z	rule-metrics-shape	2026-09-08T21:16:21Z	2026-09-08T21:16:29Z	success	1000743692	5
34278972374	2026-09-08T21:09:26Z	plugin-root-propagation-gate	2026-09-08T21:16:00Z	2026-09-08T21:16:00Z	skipped	null	0
34278972374	2026-09-08T21:09:26Z	sandbox-canary-capture-gate	2026-09-08T21:16:00Z	2026-09-08T21:16:00Z	skipped	null	0
34278972374	2026-09-08T21:09:26Z	critical-css-gate	2026-09-08T21:16:38Z	2026-09-08T21:17:28Z	success	1000743695	14
34278972374	2026-09-08T21:09:26Z	test	2026-09-08T21:36:34Z	2026-09-08T21:36:37Z	success	1000743701	3
34275903050	2026-09-08T20:37:35Z	marketplace-manifest-guard	2026-09-08T20:37:39Z	2026-09-08T20:37:53Z	success	1000743422	7
34275903050	2026-09-08T20:37:35Z	detect-changes	2026-09-08T20:37:40Z	2026-09-08T20:37:59Z	success	1000743420	5
34275903050	2026-09-08T20:37:35Z	encryption-posture	2026-09-08T20:37:38Z	2026-09-08T20:37:52Z	success	1000743424	5
34275903050	2026-09-08T20:37:35Z	credential-path-guard	2026-09-08T20:37:38Z	2026-09-08T20:38:00Z	success	1000743419	5
34275903050	2026-09-08T20:37:35Z	lint-bot-statuses	2026-09-08T20:37:39Z	2026-09-08T20:38:08Z	success	1000743427	15
34275903050	2026-09-08T20:37:35Z	rule-metrics-shape	2026-09-08T20:37:38Z	2026-09-08T20:37:53Z	success	1000743421	5
34275903050	2026-09-08T20:37:35Z	test-webplat (2/2)	2026-09-08T20:37:38Z	2026-09-08T20:41:07Z	success	1000743423	11
34275903050	2026-09-08T20:37:35Z	lint-conversations-update-callsites	2026-09-08T20:38:11Z	2026-09-08T20:38:18Z	success	1000743442	5
34275903050	2026-09-08T20:37:35Z	service-role-allowlist-gate	2026-09-08T20:37:38Z	2026-09-08T20:37:52Z	success	1000743432	6
34275903050	2026-09-08T20:37:35Z	readme-counts	2026-09-08T20:37:40Z	2026-09-08T20:37:52Z	success	1000743426	5
34275903050	2026-09-08T20:37:35Z	test-webplat (1/2)	2026-09-08T20:37:39Z	2026-09-08T20:40:59Z	success	1000743425	11
34275903050	2026-09-08T20:37:35Z	lockfile-sync	2026-09-08T20:38:21Z	2026-09-08T20:38:55Z	success	1000743444	15
34275903050	2026-09-08T20:37:35Z	test-scripts	2026-09-08T20:37:38Z	2026-09-08T21:15:52Z	success	1000743429	9
34275903050	2026-09-08T20:37:35Z	web-platform-build	2026-09-08T20:38:22Z	2026-09-08T20:40:22Z	success	1000743446	8
34275903050	2026-09-08T20:37:35Z	lint-webplat	2026-09-08T20:37:38Z	2026-09-08T20:39:07Z	success	1000743428	9
34275903050	2026-09-08T20:37:35Z	tc-document-sha-guard	2026-09-08T20:37:38Z	2026-09-08T20:37:55Z	success	1000743430	5
34275903050	2026-09-08T20:37:35Z	adr-ordinals	2026-09-08T20:38:22Z	2026-09-08T20:38:32Z	success	1000743445	5
34275903050	2026-09-08T20:37:35Z	rule-body-lint	2026-09-08T20:38:12Z	2026-09-08T20:38:30Z	success	1000743443	5
34275903050	2026-09-08T20:37:35Z	test-bun	2026-09-08T20:38:35Z	2026-09-08T20:39:44Z	success	1000743448	10
34275903050	2026-09-08T20:37:35Z	e2e	2026-09-08T20:37:38Z	2026-09-08T20:41:12Z	success	1000743431	10
34275903050	2026-09-08T20:37:35Z	grok-fidelity	2026-09-08T20:41:16Z	2026-09-08T20:41:32Z	success	1000743486	8
34275903050	2026-09-08T20:37:35Z	plugin-root-propagation-gate	2026-09-08T20:37:36Z	2026-09-08T20:37:35Z	skipped	null	0
34275903050	2026-09-08T20:37:35Z	sandbox-canary-capture-gate	2026-09-08T20:37:36Z	2026-09-08T20:37:35Z	skipped	null	0
34275903050	2026-09-08T20:37:35Z	critical-css-gate	2026-09-08T20:41:42Z	2026-09-08T20:42:40Z	success	1000743495	14
34275903050	2026-09-08T20:37:35Z	test	2026-09-08T21:15:55Z	2026-09-08T21:15:59Z	success	1000743669	3
34271129650	2026-09-08T19:48:45Z	encryption-posture	2026-09-08T19:50:21Z	2026-09-08T19:50:34Z	success	1000742710	5
34271129650	2026-09-08T19:48:45Z	test-bun	2026-09-08T19:51:39Z	2026-09-08T19:52:53Z	success	1000742726	10
34271129650	2026-09-08T19:48:45Z	web-platform-build	2026-09-08T19:53:53Z	2026-09-08T19:55:25Z	success	1000742757	8
34271129650	2026-09-08T19:48:45Z	lint-webplat	2026-09-08T19:51:06Z	2026-09-08T19:52:34Z	success	1000742720	9
34271129650	2026-09-08T19:48:45Z	detect-changes	2026-09-08T19:53:14Z	2026-09-08T19:53:35Z	success	1000742743	5
34271129650	2026-09-08T19:48:45Z	test-webplat (1/2)	2026-09-08T19:48:57Z	2026-09-08T19:53:18Z	success	1000742689	11
34271129650	2026-09-08T19:48:45Z	test-webplat (2/2)	2026-09-08T19:53:22Z	2026-09-08T19:56:04Z	success	1000742746	11
34271129650	2026-09-08T19:48:45Z	marketplace-manifest-guard	2026-09-08T19:59:44Z	2026-09-08T19:59:58Z	success	1000742855	7
34271129650	2026-09-08T19:48:45Z	adr-ordinals	2026-09-08T19:59:23Z	2026-09-08T19:59:37Z	success	1000742849	5
34271129650	2026-09-08T19:48:45Z	lint-conversations-update-callsites	2026-09-08T19:59:39Z	2026-09-08T19:59:56Z	success	1000742852	5
34271129650	2026-09-08T19:48:45Z	e2e	2026-09-08T19:59:04Z	2026-09-08T20:02:43Z	success	1000742846	10
34271129650	2026-09-08T19:48:45Z	lint-bot-statuses	2026-09-08T20:00:45Z	2026-09-08T20:01:18Z	success	1000742879	15
34271129650	2026-09-08T19:48:45Z	lockfile-sync	2026-09-08T20:00:02Z	2026-09-08T20:00:36Z	success	1000742864	15
34271129650	2026-09-08T19:48:45Z	rule-body-lint	2026-09-08T20:00:26Z	2026-09-08T20:00:42Z	success	1000742871	5
34271129650	2026-09-08T19:48:45Z	readme-counts	2026-09-08T20:00:40Z	2026-09-08T20:00:55Z	success	1000742876	5
34271129650	2026-09-08T19:48:45Z	rule-metrics-shape	2026-09-08T20:01:31Z	2026-09-08T20:01:44Z	success	1000742895	5
34271129650	2026-09-08T19:48:45Z	tc-document-sha-guard	2026-09-08T20:00:01Z	2026-09-08T20:00:23Z	success	1000742863	5
34271129650	2026-09-08T19:48:45Z	grok-fidelity	2026-09-08T20:01:47Z	2026-09-08T20:02:10Z	success	1000742899	8
34271129650	2026-09-08T19:48:45Z	service-role-allowlist-gate	2026-09-08T20:02:20Z	2026-09-08T20:02:32Z	success	1000742906	6
34271129650	2026-09-08T19:48:45Z	test-scripts	2026-09-08T19:49:29Z	2026-09-08T20:24:26Z	success	1000742699	9
34271129650	2026-09-08T19:48:45Z	credential-path-guard	2026-09-08T20:03:52Z	2026-09-08T20:04:13Z	success	1000742938	5
34271129650	2026-09-08T19:48:45Z	sandbox-canary-capture-gate	2026-09-08T19:48:46Z	2026-09-08T19:48:46Z	skipped	null	0
34271129650	2026-09-08T19:48:45Z	plugin-root-propagation-gate	2026-09-08T19:48:46Z	2026-09-08T19:48:46Z	skipped	null	0
34271129650	2026-09-08T19:48:45Z	critical-css-gate	2026-09-08T20:03:59Z	2026-09-08T20:05:08Z	success	1000742942	14
34271129650	2026-09-08T19:48:45Z	test	2026-09-08T20:24:32Z	2026-09-08T20:24:36Z	success	1000743278	3
34265862435	2026-09-08T18:54:51Z	lint-webplat	2026-09-08T18:54:55Z	2026-09-08T18:56:13Z	success	1000741961	9
34265862435	2026-09-08T18:54:51Z	lint-bot-statuses	2026-09-08T18:54:55Z	2026-09-08T18:55:28Z	success	1000741964	15
34265862435	2026-09-08T18:54:51Z	service-role-allowlist-gate	2026-09-08T18:54:57Z	2026-09-08T18:55:11Z	success	1000741966	6
34265862435	2026-09-08T18:54:51Z	lint-conversations-update-callsites	2026-09-08T18:54:55Z	2026-09-08T18:55:08Z	success	1000741963	5
34265862435	2026-09-08T18:54:51Z	readme-counts	2026-09-08T18:55:11Z	2026-09-08T18:55:21Z	success	1000741978	5
34265862435	2026-09-08T18:54:51Z	credential-path-guard	2026-09-08T18:54:56Z	2026-09-08T18:55:18Z	success	1000741976	5
34265862435	2026-09-08T18:54:51Z	detect-changes	2026-09-08T18:54:55Z	2026-09-08T18:55:14Z	success	1000741972	5
34265862435	2026-09-08T18:54:51Z	marketplace-manifest-guard	2026-09-08T18:54:55Z	2026-09-08T18:55:10Z	success	1000741965	7
34265862435	2026-09-08T18:54:51Z	encryption-posture	2026-09-08T18:54:56Z	2026-09-08T18:55:10Z	success	1000741975	5
34265862435	2026-09-08T18:54:51Z	test-scripts	2026-09-08T18:54:55Z	2026-09-08T19:30:40Z	success	1000741967	9
34265862435	2026-09-08T18:54:51Z	grok-fidelity	2026-09-08T18:54:56Z	2026-09-08T18:55:13Z	success	1000741969	8
34265862435	2026-09-08T18:54:51Z	tc-document-sha-guard	2026-09-08T18:54:56Z	2026-09-08T18:55:16Z	success	1000741974	5
34265862435	2026-09-08T18:54:51Z	test-webplat (2/2)	2026-09-08T18:54:57Z	2026-09-08T18:58:30Z	success	1000741968	11
34265862435	2026-09-08T18:54:51Z	rule-metrics-shape	2026-09-08T18:54:55Z	2026-09-08T18:55:09Z	success	1000741971	5
34265862435	2026-09-08T18:54:51Z	e2e	2026-09-08T18:55:17Z	2026-09-08T18:59:10Z	success	1000741985	10
34265862435	2026-09-08T18:54:51Z	rule-body-lint	2026-09-08T18:54:55Z	2026-09-08T18:55:12Z	success	1000741973	5
34265862435	2026-09-08T18:54:51Z	web-platform-build	2026-09-08T18:55:11Z	2026-09-08T18:57:15Z	success	1000741977	8
34265862435	2026-09-08T18:54:51Z	lockfile-sync	2026-09-08T18:54:55Z	2026-09-08T18:55:33Z	success	1000741970	15
34265862435	2026-09-08T18:54:51Z	test-webplat (1/2)	2026-09-08T18:55:19Z	2026-09-08T18:58:28Z	success	1000741986	11
34265862435	2026-09-08T18:54:51Z	adr-ordinals	2026-09-08T18:55:18Z	2026-09-08T18:55:26Z	success	1000741987	5
34265862435	2026-09-08T18:54:51Z	test-bun	2026-09-08T18:55:14Z	2026-09-08T18:56:19Z	success	1000741981	10
34265862435	2026-09-08T18:54:51Z	sandbox-canary-capture-gate	2026-09-08T18:54:52Z	2026-09-08T18:54:52Z	skipped	null	0
34265862435	2026-09-08T18:54:51Z	plugin-root-propagation-gate	2026-09-08T18:54:52Z	2026-09-08T18:54:52Z	skipped	null	0
34265862435	2026-09-08T18:54:51Z	critical-css-gate	2026-09-08T18:55:34Z	2026-09-08T18:56:34Z	success	1000741992	14
34265862435	2026-09-08T18:54:51Z	test	2026-09-08T19:31:25Z	2026-09-08T19:31:27Z	success	1000742461	3
34261205539	2026-09-08T18:07:52Z	service-role-allowlist-gate	2026-09-08T18:07:56Z	2026-09-08T18:08:10Z	success	1000741679	6
34261205539	2026-09-08T18:07:52Z	readme-counts	2026-09-08T18:08:01Z	2026-09-08T18:08:18Z	success	1000741682	5
34261205539	2026-09-08T18:07:52Z	rule-body-lint	2026-09-08T18:07:56Z	2026-09-08T18:08:19Z	success	1000741678	5
34261205539	2026-09-08T18:07:52Z	rule-metrics-shape	2026-09-08T18:07:55Z	2026-09-08T18:08:08Z	success	1000741680	5
34261205539	2026-09-08T18:07:52Z	detect-changes	2026-09-08T18:09:14Z	2026-09-08T18:09:33Z	success	1000741710	5
34261205539	2026-09-08T18:07:52Z	web-platform-build	2026-09-08T18:07:56Z	2026-09-08T18:09:57Z	success	1000741677	8
34261205539	2026-09-08T18:07:52Z	test-scripts	2026-09-08T18:07:56Z	2026-09-08T18:43:15Z	success	1000741688	9
34261205539	2026-09-08T18:07:52Z	test-webplat (2/2)	2026-09-08T18:07:55Z	2026-09-08T18:10:33Z	success	1000741684	11
34261205539	2026-09-08T18:07:52Z	marketplace-manifest-guard	2026-09-08T18:07:56Z	2026-09-08T18:08:13Z	success	1000741683	7
34261205539	2026-09-08T18:07:52Z	lint-webplat	2026-09-08T18:08:58Z	2026-09-08T18:10:25Z	success	1000741699	9
34261205539	2026-09-08T18:07:52Z	grok-fidelity	2026-09-08T18:07:56Z	2026-09-08T18:08:16Z	success	1000741686	8
34261205539	2026-09-08T18:07:52Z	tc-document-sha-guard	2026-09-08T18:07:56Z	2026-09-08T18:08:18Z	success	1000741685	5
34261205539	2026-09-08T18:07:52Z	test-webplat (1/2)	2026-09-08T18:11:08Z	2026-09-08T18:15:36Z	success	1000741743	11
34261205539	2026-09-08T18:07:52Z	lint-conversations-update-callsites	2026-09-08T18:07:55Z	2026-09-08T18:08:08Z	success	1000741681	5
34261205539	2026-09-08T18:07:52Z	encryption-posture	2026-09-08T18:07:55Z	2026-09-08T18:08:09Z	success	1000741687	5
34261205539	2026-09-08T18:07:52Z	lint-bot-statuses	2026-09-08T18:12:18Z	2026-09-08T18:12:59Z	success	1000741761	15
34261205539	2026-09-08T18:07:52Z	credential-path-guard	2026-09-08T18:13:54Z	2026-09-08T18:14:18Z	success	1000741774	5
34261205539	2026-09-08T18:07:52Z	e2e	2026-09-08T18:12:15Z	2026-09-08T18:15:58Z	success	1000741760	10
34261205539	2026-09-08T18:07:52Z	lockfile-sync	2026-09-08T18:16:28Z	2026-09-08T18:17:01Z	success	1000741800	15
34261205539	2026-09-08T18:07:52Z	adr-ordinals	2026-09-08T18:13:27Z	2026-09-08T18:13:41Z	success	1000741769	5
34261205539	2026-09-08T18:07:52Z	test-bun	2026-09-08T18:16:37Z	2026-09-08T18:17:49Z	success	1000741802	10
34261205539	2026-09-08T18:07:52Z	sandbox-canary-capture-gate	2026-09-08T18:07:53Z	2026-09-08T18:07:52Z	skipped	null	0
34261205539	2026-09-08T18:07:52Z	plugin-root-propagation-gate	2026-09-08T18:07:53Z	2026-09-08T18:07:52Z	skipped	null	0
34261205539	2026-09-08T18:07:52Z	critical-css-gate	2026-09-08T18:16:58Z	2026-09-08T18:17:54Z	success	1000741806	14
34261205539	2026-09-08T18:07:52Z	test	2026-09-08T18:43:18Z	2026-09-08T18:43:21Z	success	1000741952	3
34254306124	2026-09-08T16:58:40Z	tc-document-sha-guard	2026-09-08T17:09:22Z	2026-09-08T17:09:39Z	success	1000740923	5
34254306124	2026-09-08T16:58:40Z	lint-conversations-update-callsites	2026-09-08T17:09:31Z	2026-09-08T17:09:52Z	success	1000740926	5
34254306124	2026-09-08T16:58:40Z	rule-metrics-shape	2026-09-08T17:19:19Z	2026-09-08T17:19:32Z	success	1000741105	5
34254306124	2026-09-08T16:58:40Z	lockfile-sync	2026-09-08T17:19:09Z	2026-09-08T17:19:39Z	success	1000741099	15
34254306124	2026-09-08T16:58:40Z	service-role-allowlist-gate	2026-09-08T17:15:49Z	2026-09-08T17:16:05Z	success	1000741028	6
34254306124	2026-09-08T16:58:40Z	readme-counts	2026-09-08T17:28:27Z	2026-09-08T17:28:40Z	success	1000741274	5
34254306124	2026-09-08T16:58:40Z	lint-webplat	2026-09-08T17:18:28Z	2026-09-08T17:19:56Z	success	1000741083	9
34254306124	2026-09-08T16:58:40Z	rule-body-lint	2026-09-08T17:20:31Z	2026-09-08T17:20:49Z	success	1000741126	5
34254306124	2026-09-08T16:58:40Z	marketplace-manifest-guard	2026-09-08T17:27:43Z	2026-09-08T17:27:56Z	success	1000741257	7
34254306124	2026-09-08T16:58:40Z	adr-ordinals	2026-09-08T17:27:50Z	2026-09-08T17:28:02Z	success	1000741258	5
34254306124	2026-09-08T16:58:40Z	lint-bot-statuses	2026-09-08T17:26:12Z	2026-09-08T17:26:42Z	success	1000741230	15
34254306124	2026-09-08T16:58:40Z	credential-path-guard	2026-09-08T17:22:14Z	2026-09-08T17:22:37Z	success	1000741162	5
34254306124	2026-09-08T16:58:40Z	detect-changes	2026-09-08T17:34:37Z	2026-09-08T17:34:57Z	success	1000741346	5
34254306124	2026-09-08T16:58:40Z	test-webplat (2/2)	2026-09-08T17:30:10Z	2026-09-08T17:32:37Z	success	1000741300	11
34254306124	2026-09-08T16:58:40Z	grok-fidelity	2026-09-08T17:28:34Z	2026-09-08T17:28:50Z	success	1000741277	8
34254306124	2026-09-08T16:58:40Z	e2e	2026-09-08T17:37:46Z	2026-09-08T17:41:25Z	success	1000741391	10
34254306124	2026-09-08T16:58:40Z	encryption-posture	2026-09-08T17:37:50Z	2026-09-08T17:38:05Z	success	1000741392	5
34254306124	2026-09-08T16:58:40Z	test-webplat (1/2)	2026-09-08T17:29:27Z	2026-09-08T17:33:31Z	success	1000741290	11
34254306124	2026-09-08T16:58:40Z	web-platform-build	2026-09-08T17:31:37Z	2026-09-08T17:33:40Z	success	1000741318	8
34254306124	2026-09-08T16:58:40Z	test-bun	2026-09-08T17:37:33Z	2026-09-08T17:38:42Z	success	1000741388	10
34254306124	2026-09-08T16:58:40Z	test-scripts	2026-09-08T17:19:50Z	2026-09-08T17:56:52Z	success	1000741117	9
34254306124	2026-09-08T16:58:40Z	plugin-root-propagation-gate	2026-09-08T16:58:41Z	2026-09-08T16:58:41Z	skipped	null	0
34254306124	2026-09-08T16:58:40Z	sandbox-canary-capture-gate	2026-09-08T16:58:41Z	2026-09-08T16:58:41Z	skipped	null	0
34254306124	2026-09-08T16:58:40Z	critical-css-gate	2026-09-08T17:41:36Z	2026-09-08T17:42:45Z	success	1000741452	14
34254306124	2026-09-08T16:58:40Z	test	2026-09-08T17:57:01Z	2026-09-08T17:57:03Z	success	1000741622	3
34247760207	2026-09-08T15:54:31Z	tc-document-sha-guard	2026-09-08T15:54:42Z	2026-09-08T15:55:01Z	success	1000739499	5
34247760207	2026-09-08T15:54:31Z	detect-changes	2026-09-08T15:56:43Z	2026-09-08T15:57:03Z	success	1000739524	5
34247760207	2026-09-08T15:54:31Z	lint-conversations-update-callsites	2026-09-08T15:55:17Z	2026-09-08T15:55:31Z	success	1000739505	5
34247760207	2026-09-08T15:54:31Z	web-platform-build	2026-09-08T15:57:18Z	2026-09-08T15:59:30Z	success	1000739535	8
34247760207	2026-09-08T15:54:31Z	readme-counts	2026-09-08T15:57:18Z	2026-09-08T15:57:31Z	success	1000739532	5
34247760207	2026-09-08T15:54:31Z	marketplace-manifest-guard	2026-09-08T16:03:41Z	2026-09-08T16:03:55Z	success	1000739650	7
34247760207	2026-09-08T15:54:31Z	encryption-posture	2026-09-08T16:07:05Z	2026-09-08T16:07:19Z	success	1000739729	5
34247760207	2026-09-08T15:54:31Z	lint-bot-statuses	2026-09-08T16:05:53Z	2026-09-08T16:06:26Z	success	1000739710	15
34247760207	2026-09-08T15:54:31Z	test-bun	2026-09-08T16:02:14Z	2026-09-08T16:03:27Z	success	1000739621	10
34247760207	2026-09-08T15:54:31Z	lockfile-sync	2026-09-08T16:00:37Z	2026-09-08T16:01:12Z	success	1000739589	15
34247760207	2026-09-08T15:54:31Z	credential-path-guard	2026-09-08T16:06:41Z	2026-09-08T16:07:02Z	success	1000739721	5
34247760207	2026-09-08T15:54:31Z	e2e	2026-09-08T15:57:18Z	2026-09-08T16:00:57Z	success	1000739533	10
34247760207	2026-09-08T15:54:31Z	service-role-allowlist-gate	2026-09-08T15:57:18Z	2026-09-08T15:57:30Z	success	1000739534	6
34247760207	2026-09-08T15:54:31Z	test-scripts	2026-09-08T16:04:44Z	2026-09-08T16:41:34Z	success	1000739690	9
34247760207	2026-09-08T15:54:31Z	lint-webplat	2026-09-08T16:04:18Z	2026-09-08T16:05:56Z	success	1000739674	9
34247760207	2026-09-08T15:54:31Z	adr-ordinals	2026-09-08T16:05:01Z	2026-09-08T16:05:13Z	success	1000739696	5
34247760207	2026-09-08T15:54:31Z	rule-metrics-shape	2026-09-08T16:07:08Z	2026-09-08T16:07:22Z	success	1000739728	5
34247760207	2026-09-08T15:54:31Z	rule-body-lint	2026-09-08T16:03:02Z	2026-09-08T16:03:20Z	success	1000739638	5
34247760207	2026-09-08T15:54:31Z	grok-fidelity	2026-09-08T16:06:57Z	2026-09-08T16:07:21Z	success	1000739726	8
34247760207	2026-09-08T15:54:31Z	test-webplat (2/2)	2026-09-08T16:07:46Z	2026-09-08T16:11:12Z	success	1000739740	11
34247760207	2026-09-08T15:54:31Z	test-webplat (1/2)	2026-09-08T16:07:15Z	2026-09-08T16:11:55Z	success	1000739731	11
34247760207	2026-09-08T15:54:31Z	sandbox-canary-capture-gate	2026-09-08T15:54:32Z	2026-09-08T15:54:32Z	skipped	null	0
34247760207	2026-09-08T15:54:31Z	plugin-root-propagation-gate	2026-09-08T15:54:32Z	2026-09-08T15:54:32Z	skipped	null	0
34247760207	2026-09-08T15:54:31Z	critical-css-gate	2026-09-08T16:07:52Z	2026-09-08T16:08:49Z	success	1000739743	14
34247760207	2026-09-08T15:54:31Z	test	2026-09-08T16:46:59Z	2026-09-08T16:47:01Z	success	1000740413	3
34236228106	2026-09-08T14:07:16Z	test-bun	2026-09-08T14:07:48Z	2026-09-08T14:09:01Z	success	1000738808	10
34236228106	2026-09-08T14:07:16Z	lint-conversations-update-callsites	2026-09-08T14:07:56Z	2026-09-08T14:08:03Z	success	1000738811	5
34236228106	2026-09-08T14:07:16Z	service-role-allowlist-gate	2026-09-08T14:07:49Z	2026-09-08T14:08:04Z	success	1000738805	6
34236228106	2026-09-08T14:07:16Z	readme-counts	2026-09-08T14:07:48Z	2026-09-08T14:08:02Z	success	1000738806	5
34236228106	2026-09-08T14:07:16Z	lint-webplat	2026-09-08T14:07:49Z	2026-09-08T14:09:27Z	success	1000738809	9
34236228106	2026-09-08T14:07:16Z	encryption-posture	2026-09-08T14:07:50Z	2026-09-08T14:07:58Z	success	1000738810	5
34236228106	2026-09-08T14:07:16Z	test-webplat (1/2)	2026-09-08T14:08:01Z	2026-09-08T14:12:07Z	success	1000738813	11
34236228106	2026-09-08T14:07:16Z	detect-changes	2026-09-08T14:07:48Z	2026-09-08T14:08:05Z	success	1000738807	5
34236228106	2026-09-08T14:07:16Z	credential-path-guard	2026-09-08T14:08:24Z	2026-09-08T14:08:40Z	success	1000738824	5
34236228106	2026-09-08T14:07:16Z	rule-metrics-shape	2026-09-08T14:08:06Z	2026-09-08T14:08:14Z	success	1000738815	5
34236228106	2026-09-08T14:07:16Z	marketplace-manifest-guard	2026-09-08T14:08:08Z	2026-09-08T14:08:17Z	success	1000738817	7
34236228106	2026-09-08T14:07:16Z	rule-body-lint	2026-09-08T14:08:23Z	2026-09-08T14:08:40Z	success	1000738823	5
34236228106	2026-09-08T14:07:16Z	adr-ordinals	2026-09-08T14:08:43Z	2026-09-08T14:08:53Z	success	1000738826	5
34236228106	2026-09-08T14:07:16Z	grok-fidelity	2026-09-08T14:08:05Z	2026-09-08T14:08:19Z	success	1000738814	8
34236228106	2026-09-08T14:07:16Z	lockfile-sync	2026-09-08T14:08:17Z	2026-09-08T14:08:54Z	success	1000738820	15
34236228106	2026-09-08T14:07:16Z	web-platform-build	2026-09-08T14:08:17Z	2026-09-08T14:10:10Z	success	1000738819	8
34236228106	2026-09-08T14:07:16Z	test-scripts	2026-09-08T14:08:06Z	2026-09-08T14:42:43Z	success	1000738816	9
34236228106	2026-09-08T14:07:16Z	lint-bot-statuses	2026-09-08T14:08:22Z	2026-09-08T14:09:03Z	success	1000738822	15
34236228106	2026-09-08T14:07:16Z	test-webplat (2/2)	2026-09-08T14:08:56Z	2026-09-08T14:12:28Z	success	1000738821	11
34236228106	2026-09-08T14:07:16Z	e2e	2026-09-08T14:08:10Z	2026-09-08T14:12:00Z	success	1000738818	10
34236228106	2026-09-08T14:07:16Z	tc-document-sha-guard	2026-09-08T14:08:25Z	2026-09-08T14:08:47Z	success	1000738825	5
34236228106	2026-09-08T14:07:16Z	plugin-root-propagation-gate	2026-09-08T14:07:46Z	2026-09-08T14:07:45Z	skipped	null	0
34236228106	2026-09-08T14:07:16Z	sandbox-canary-capture-gate	2026-09-08T14:07:46Z	2026-09-08T14:07:45Z	skipped	null	0
34236228106	2026-09-08T14:07:16Z	critical-css-gate	2026-09-08T14:08:44Z	2026-09-08T14:09:43Z	success	1000738827	14
34236228106	2026-09-08T14:07:16Z	test	2026-09-08T14:42:47Z	2026-09-08T14:42:51Z	success	1000738839	3
34231715759	2026-09-08T13:23:58Z	detect-changes	2026-09-08T13:24:02Z	2026-09-08T13:24:28Z	success	1000738397	5
34231715759	2026-09-08T13:23:58Z	credential-path-guard	2026-09-08T13:24:01Z	2026-09-08T13:24:23Z	success	1000738398	5
34231715759	2026-09-08T13:23:58Z	readme-counts	2026-09-08T13:24:02Z	2026-09-08T13:24:16Z	success	1000738401	5
34231715759	2026-09-08T13:23:58Z	lint-bot-statuses	2026-09-08T13:24:02Z	2026-09-08T13:24:34Z	success	1000738402	15
34231715759	2026-09-08T13:23:58Z	service-role-allowlist-gate	2026-09-08T13:29:35Z	2026-09-08T13:29:49Z	success	1000738498	6
34231715759	2026-09-08T13:23:58Z	grok-fidelity	2026-09-08T13:24:02Z	2026-09-08T13:24:22Z	success	1000738403	8
34231715759	2026-09-08T13:23:58Z	marketplace-manifest-guard	2026-09-08T13:30:24Z	2026-09-08T13:30:40Z	success	1000738509	7
34231715759	2026-09-08T13:23:58Z	adr-ordinals	2026-09-08T13:24:02Z	2026-09-08T13:24:14Z	success	1000738404	5
34231715759	2026-09-08T13:23:58Z	lint-conversations-update-callsites	2026-09-08T13:24:21Z	2026-09-08T13:24:33Z	success	1000738411	5
34231715759	2026-09-08T13:23:58Z	test-webplat (1/2)	2026-09-08T13:24:16Z	2026-09-08T13:28:26Z	success	1000738407	11
34231715759	2026-09-08T13:23:58Z	e2e	2026-09-08T13:24:22Z	2026-09-08T13:28:14Z	success	1000738412	10
34231715759	2026-09-08T13:23:58Z	rule-metrics-shape	2026-09-08T13:24:02Z	2026-09-08T13:24:16Z	success	1000738405	5
34231715759	2026-09-08T13:23:58Z	web-platform-build	2026-09-08T13:24:27Z	2026-09-08T13:26:37Z	success	1000738415	8
34231715759	2026-09-08T13:23:58Z	test-webplat (2/2)	2026-09-08T13:29:18Z	2026-09-08T13:32:45Z	success	1000738495	11
34231715759	2026-09-08T13:23:58Z	lint-webplat	2026-09-08T13:24:57Z	2026-09-08T13:26:23Z	success	1000738421	9
34231715759	2026-09-08T13:23:58Z	lockfile-sync	2026-09-08T13:30:24Z	2026-09-08T13:31:11Z	success	1000738510	15
34231715759	2026-09-08T13:23:58Z	tc-document-sha-guard	2026-09-08T13:28:58Z	2026-09-08T13:29:14Z	success	1000738491	5
34231715759	2026-09-08T13:23:58Z	rule-body-lint	2026-09-08T13:24:02Z	2026-09-08T13:24:22Z	success	1000738406	5
34231715759	2026-09-08T13:23:58Z	test-scripts	2026-09-08T13:30:52Z	2026-09-08T14:07:39Z	success	1000738523	9
34231715759	2026-09-08T13:23:58Z	encryption-posture	2026-09-08T13:33:12Z	2026-09-08T13:33:27Z	success	1000738572	5
34231715759	2026-09-08T13:23:58Z	test-bun	2026-09-08T13:31:40Z	2026-09-08T13:32:40Z	success	1000738538	10
34231715759	2026-09-08T13:23:58Z	sandbox-canary-capture-gate	2026-09-08T13:23:59Z	2026-09-08T13:23:59Z	skipped	null	0
34231715759	2026-09-08T13:23:58Z	plugin-root-propagation-gate	2026-09-08T13:23:59Z	2026-09-08T13:23:59Z	skipped	null	0
34231715759	2026-09-08T13:23:58Z	critical-css-gate	2026-09-08T13:33:32Z	2026-09-08T13:34:25Z	success	1000738583	14
34231715759	2026-09-08T13:23:58Z	test	2026-09-08T14:07:42Z	2026-09-08T14:07:45Z	success	1000738803	3
34227194643	2026-09-08T12:38:12Z	encryption-posture	2026-09-08T12:38:16Z	2026-09-08T12:38:29Z	success	1000737813	5
34227194643	2026-09-08T12:38:12Z	lint-conversations-update-callsites	2026-09-08T12:38:16Z	2026-09-08T12:38:31Z	success	1000737810	5
34227194643	2026-09-08T12:38:12Z	detect-changes	2026-09-08T12:38:15Z	2026-09-08T12:38:32Z	success	1000737814	5
34227194643	2026-09-08T12:38:12Z	grok-fidelity	2026-09-08T12:38:16Z	2026-09-08T12:38:34Z	success	1000737816	8
34227194643	2026-09-08T12:38:12Z	test-bun	2026-09-08T12:38:16Z	2026-09-08T12:39:16Z	success	1000737811	10
34227194643	2026-09-08T12:38:12Z	service-role-allowlist-gate	2026-09-08T12:38:34Z	2026-09-08T12:38:53Z	success	1000737818	6
34227194643	2026-09-08T12:38:12Z	lint-bot-statuses	2026-09-08T12:38:16Z	2026-09-08T12:38:57Z	success	1000737812	15
34227194643	2026-09-08T12:38:12Z	e2e	2026-09-08T12:38:37Z	2026-09-08T12:42:17Z	success	1000737824	10
34227194643	2026-09-08T12:38:12Z	rule-body-lint	2026-09-08T12:38:16Z	2026-09-08T12:38:34Z	success	1000737815	5
34227194643	2026-09-08T12:38:12Z	credential-path-guard	2026-09-08T12:39:21Z	2026-09-08T12:39:42Z	success	1000737833	5
34227194643	2026-09-08T12:38:12Z	adr-ordinals	2026-09-08T12:39:51Z	2026-09-08T12:40:08Z	success	1000737837	5
34227194643	2026-09-08T12:38:12Z	lockfile-sync	2026-09-08T12:39:04Z	2026-09-08T12:39:35Z	success	1000737828	15
34227194643	2026-09-08T12:38:12Z	test-webplat (1/2)	2026-09-08T12:39:09Z	2026-09-08T12:43:14Z	success	1000737829	11
34227194643	2026-09-08T12:38:12Z	test-webplat (2/2)	2026-09-08T12:39:55Z	2026-09-08T12:43:29Z	success	1000737839	11
34227194643	2026-09-08T12:38:12Z	tc-document-sha-guard	2026-09-08T12:38:58Z	2026-09-08T12:39:17Z	success	1000737825	5
34227194643	2026-09-08T12:38:12Z	web-platform-build	2026-09-08T12:39:18Z	2026-09-08T12:40:58Z	success	1000737831	8
34227194643	2026-09-08T12:38:12Z	readme-counts	2026-09-08T12:39:38Z	2026-09-08T12:39:48Z	success	1000737834	5
34227194643	2026-09-08T12:38:12Z	lint-webplat	2026-09-08T12:39:57Z	2026-09-08T12:41:20Z	success	1000737840	9
34227194643	2026-09-08T12:38:12Z	test-scripts	2026-09-08T12:39:53Z	2026-09-08T13:16:31Z	success	1000737838	9
34227194643	2026-09-08T12:38:12Z	marketplace-manifest-guard	2026-09-08T12:39:38Z	2026-09-08T12:39:52Z	success	1000737835	7
34227194643	2026-09-08T12:38:12Z	rule-metrics-shape	2026-09-08T12:40:05Z	2026-09-08T12:40:17Z	success	1000737841	5
34227194643	2026-09-08T12:38:12Z	sandbox-canary-capture-gate	2026-09-08T12:38:13Z	2026-09-08T12:38:13Z	skipped	null	0
34227194643	2026-09-08T12:38:12Z	plugin-root-propagation-gate	2026-09-08T12:38:13Z	2026-09-08T12:38:13Z	skipped	null	0
34227194643	2026-09-08T12:38:12Z	critical-css-gate	2026-09-08T12:40:10Z	2026-09-08T12:41:03Z	success	1000737842	14
34227194643	2026-09-08T12:38:12Z	test	2026-09-08T13:16:34Z	2026-09-08T13:16:37Z	success	1000738359	3
34220796484	2026-09-08T11:27:34Z	lint-conversations-update-callsites	2026-09-08T11:40:34Z	2026-09-08T11:40:47Z	success	1000737125	5
34220796484	2026-09-08T11:27:34Z	lint-bot-statuses	2026-09-08T11:39:45Z	2026-09-08T11:40:20Z	success	1000737105	15
34220796484	2026-09-08T11:27:34Z	readme-counts	2026-09-08T11:43:31Z	2026-09-08T11:43:39Z	success	1000737185	5
34220796484	2026-09-08T11:27:34Z	credential-path-guard	2026-09-08T11:40:11Z	2026-09-08T11:40:34Z	success	1000737115	5
34220796484	2026-09-08T11:27:34Z	detect-changes	2026-09-08T11:42:00Z	2026-09-08T11:42:17Z	success	1000737152	5
34220796484	2026-09-08T11:27:34Z	web-platform-build	2026-09-08T11:44:39Z	2026-09-08T11:46:43Z	success	1000737207	8
34220796484	2026-09-08T11:27:34Z	service-role-allowlist-gate	2026-09-08T11:45:16Z	2026-09-08T11:45:32Z	success	1000737223	6
34220796484	2026-09-08T11:27:34Z	encryption-posture	2026-09-08T11:45:05Z	2026-09-08T11:45:18Z	success	1000737220	5
34220796484	2026-09-08T11:27:34Z	tc-document-sha-guard	2026-09-08T11:43:54Z	2026-09-08T11:44:11Z	success	1000737193	5
34220796484	2026-09-08T11:27:34Z	marketplace-manifest-guard	2026-09-08T11:43:15Z	2026-09-08T11:43:31Z	success	1000737178	7
34220796484	2026-09-08T11:27:34Z	test-bun	2026-09-08T11:44:11Z	2026-09-08T11:45:21Z	success	1000737197	10
34220796484	2026-09-08T11:27:34Z	rule-metrics-shape	2026-09-08T11:44:39Z	2026-09-08T11:44:52Z	success	1000737208	5
34220796484	2026-09-08T11:27:34Z	rule-body-lint	2026-09-08T11:43:34Z	2026-09-08T11:43:54Z	success	1000737186	5
34220796484	2026-09-08T11:27:34Z	lockfile-sync	2026-09-08T11:52:48Z	2026-09-08T11:53:24Z	success	1000737366	15
34220796484	2026-09-08T11:27:34Z	lint-webplat	2026-09-08T11:46:33Z	2026-09-08T11:48:06Z	success	1000737259	9
34220796484	2026-09-08T11:27:34Z	e2e	2026-09-08T11:42:20Z	2026-09-08T11:45:30Z	success	1000737158	10
34220796484	2026-09-08T11:27:34Z	grok-fidelity	2026-09-08T11:53:21Z	2026-09-08T11:53:37Z	success	1000737376	8
34220796484	2026-09-08T11:27:34Z	adr-ordinals	2026-09-08T11:53:34Z	2026-09-08T11:53:46Z	success	1000737382	5
34220796484	2026-09-08T11:27:34Z	test-scripts	2026-09-08T11:54:17Z	2026-09-08T12:29:21Z	success	1000737394	9
34220796484	2026-09-08T11:27:34Z	test-webplat (1/2)	2026-09-08T11:56:08Z	2026-09-08T12:00:29Z	success	1000737420	11
34220796484	2026-09-08T11:27:34Z	test-webplat (2/2)	2026-09-08T11:55:08Z	2026-09-08T11:58:32Z	success	1000737404	11
34220796484	2026-09-08T11:27:34Z	plugin-root-propagation-gate	2026-09-08T11:27:36Z	2026-09-08T11:27:35Z	skipped	null	0
34220796484	2026-09-08T11:27:34Z	sandbox-canary-capture-gate	2026-09-08T11:27:36Z	2026-09-08T11:27:35Z	skipped	null	0
34220796484	2026-09-08T11:27:34Z	critical-css-gate	2026-09-08T11:56:54Z	2026-09-08T11:57:49Z	success	1000737429	14
34220796484	2026-09-08T11:27:34Z	test	2026-09-08T12:29:24Z	2026-09-08T12:29:27Z	success	1000737800	3
34214304922	2026-09-08T10:13:35Z	lint-conversations-update-callsites	2026-09-08T10:20:56Z	2026-09-08T10:21:03Z	success	1000735372	5
34214304922	2026-09-08T10:13:35Z	lockfile-sync	2026-09-08T10:21:33Z	2026-09-08T10:22:09Z	success	1000735383	15
34214304922	2026-09-08T10:13:35Z	readme-counts	2026-09-08T10:20:56Z	2026-09-08T10:21:08Z	success	1000735371	5
34214304922	2026-09-08T10:13:35Z	credential-path-guard	2026-09-08T10:23:56Z	2026-09-08T10:24:16Z	success	1000735423	5
34214304922	2026-09-08T10:13:35Z	detect-changes	2026-09-08T10:24:42Z	2026-09-08T10:25:34Z	success	1000735444	5
34214304922	2026-09-08T10:13:35Z	service-role-allowlist-gate	2026-09-08T10:24:32Z	2026-09-08T10:24:47Z	success	1000735438	6
34214304922	2026-09-08T10:13:35Z	encryption-posture	2026-09-08T10:25:32Z	2026-09-08T10:25:46Z	success	1000735463	5
34214304922	2026-09-08T10:13:35Z	marketplace-manifest-guard	2026-09-08T10:24:42Z	2026-09-08T10:24:52Z	success	1000735445	7
34214304922	2026-09-08T10:13:35Z	adr-ordinals	2026-09-08T10:26:20Z	2026-09-08T10:26:34Z	success	1000735483	5
34214304922	2026-09-08T10:13:35Z	lint-bot-statuses	2026-09-08T10:33:21Z	2026-09-08T10:33:53Z	success	1000735626	15
34214304922	2026-09-08T10:13:35Z	tc-document-sha-guard	2026-09-08T10:24:43Z	2026-09-08T10:25:02Z	success	1000735443	5
34214304922	2026-09-08T10:13:35Z	rule-metrics-shape	2026-09-08T10:25:11Z	2026-09-08T10:25:19Z	success	1000735454	5
34214304922	2026-09-08T10:13:35Z	test-webplat (1/2)	2026-09-08T10:32:26Z	2026-09-08T10:36:46Z	success	1000735611	11
34214304922	2026-09-08T10:13:35Z	test-bun	2026-09-08T10:34:00Z	2026-09-08T10:35:15Z	success	1000735636	10
34214304922	2026-09-08T10:13:35Z	test-scripts	2026-09-08T10:36:01Z	2026-09-08T11:12:29Z	success	1000735674	9
34214304922	2026-09-08T10:13:35Z	e2e	2026-09-08T10:30:12Z	2026-09-08T10:38:09Z	success	1000735576	10
34214304922	2026-09-08T10:13:35Z	test-webplat (2/2)	2026-09-08T10:31:00Z	2026-09-08T10:34:23Z	success	1000735594	11
34214304922	2026-09-08T10:13:35Z	web-platform-build	2026-09-08T10:36:01Z	2026-09-08T10:38:00Z	success	1000735673	8
34214304922	2026-09-08T10:13:35Z	rule-body-lint	2026-09-08T10:26:28Z	2026-09-08T10:26:44Z	success	1000735487	5
34214304922	2026-09-08T10:13:35Z	grok-fidelity	2026-09-08T10:35:14Z	2026-09-08T10:35:35Z	success	1000735656	8
34214304922	2026-09-08T10:13:35Z	lint-webplat	2026-09-08T10:35:14Z	2026-09-08T10:36:41Z	success	1000735655	9
34214304922	2026-09-08T10:13:35Z	plugin-root-propagation-gate	2026-09-08T10:13:36Z	2026-09-08T10:13:36Z	skipped	null	0
34214304922	2026-09-08T10:13:35Z	sandbox-canary-capture-gate	2026-09-08T10:13:36Z	2026-09-08T10:13:36Z	skipped	null	0
34214304922	2026-09-08T10:13:35Z	critical-css-gate	2026-09-08T10:36:52Z	2026-09-08T10:37:47Z	success	1000735688	14
34214304922	2026-09-08T10:13:35Z	test	2026-09-08T11:22:48Z	2026-09-08T11:22:51Z	success	1000736631	3
34163673236	2026-09-07T21:35:14Z	lint-conversations-update-callsites	2026-09-07T21:35:18Z	2026-09-07T21:35:29Z	success	1000733791	5
34163673236	2026-09-07T21:35:14Z	rule-body-lint	2026-09-07T21:35:18Z	2026-09-07T21:35:35Z	success	1000733793	5
34163673236	2026-09-07T21:35:14Z	lint-bot-statuses	2026-09-07T21:35:18Z	2026-09-07T21:35:50Z	success	1000733794	15
34163673236	2026-09-07T21:35:14Z	detect-changes	2026-09-07T21:35:18Z	2026-09-07T21:35:36Z	success	1000733792	5
34163673236	2026-09-07T21:35:14Z	readme-counts	2026-09-07T21:35:18Z	2026-09-07T21:35:31Z	success	1000733797	5
34163673236	2026-09-07T21:35:14Z	credential-path-guard	2026-09-07T21:35:18Z	2026-09-07T21:35:39Z	success	1000733796	5
34163673236	2026-09-07T21:35:14Z	web-platform-build	2026-09-07T21:35:18Z	2026-09-07T21:37:26Z	success	1000733795	8
34163673236	2026-09-07T21:35:14Z	lockfile-sync	2026-09-07T21:35:18Z	2026-09-07T21:35:52Z	success	1000733802	15
34163673236	2026-09-07T21:35:14Z	adr-ordinals	2026-09-07T21:35:18Z	2026-09-07T21:35:30Z	success	1000733798	5
34163673236	2026-09-07T21:35:14Z	encryption-posture	2026-09-07T21:36:12Z	2026-09-07T21:36:20Z	success	1000733819	5
34163673236	2026-09-07T21:35:14Z	test-webplat (2/2)	2026-09-07T21:35:33Z	2026-09-07T21:39:00Z	success	1000733805	11
34163673236	2026-09-07T21:35:14Z	test-bun	2026-09-07T21:35:18Z	2026-09-07T21:36:25Z	success	1000733799	10
34163673236	2026-09-07T21:35:14Z	rule-metrics-shape	2026-09-07T21:35:18Z	2026-09-07T21:35:29Z	success	1000733800	5
34163673236	2026-09-07T21:35:14Z	tc-document-sha-guard	2026-09-07T21:35:18Z	2026-09-07T21:35:34Z	success	1000733801	5
34163673236	2026-09-07T21:35:14Z	lint-webplat	2026-09-07T21:35:33Z	2026-09-07T21:36:51Z	success	1000733806	9
34163673236	2026-09-07T21:35:14Z	service-role-allowlist-gate	2026-09-07T21:36:02Z	2026-09-07T21:36:11Z	success	1000733817	6
34163673236	2026-09-07T21:35:14Z	grok-fidelity	2026-09-07T21:35:41Z	2026-09-07T21:35:59Z	success	1000733811	8
34163673236	2026-09-07T21:35:14Z	test-webplat (1/2)	2026-09-07T21:35:55Z	2026-09-07T21:39:12Z	success	1000733816	11
34163673236	2026-09-07T21:35:14Z	marketplace-manifest-guard	2026-09-07T21:36:05Z	2026-09-07T21:36:16Z	success	1000733818	7
34163673236	2026-09-07T21:35:14Z	e2e	2026-09-07T21:35:36Z	2026-09-07T21:39:12Z	success	1000733807	10
34163673236	2026-09-07T21:35:14Z	test-scripts	2026-09-07T21:35:54Z	2026-09-07T22:03:06Z	success	1000733815	9
34163673236	2026-09-07T21:35:14Z	sandbox-canary-capture-gate	2026-09-07T21:35:15Z	2026-09-07T21:35:15Z	skipped	null	0
34163673236	2026-09-07T21:35:14Z	plugin-root-propagation-gate	2026-09-07T21:35:15Z	2026-09-07T21:35:15Z	skipped	null	0
34163673236	2026-09-07T21:35:14Z	critical-css-gate	2026-09-07T21:36:19Z	2026-09-07T21:37:11Z	success	1000733821	14
34163673236	2026-09-07T21:35:14Z	test	2026-09-07T22:03:09Z	2026-09-07T22:03:11Z	success	1000733828	3
34160678738	2026-09-07T20:46:34Z	detect-changes	2026-09-07T20:46:37Z	2026-09-07T20:46:53Z	success	1000733100	5
34160678738	2026-09-07T20:46:34Z	grok-fidelity	2026-09-07T20:47:33Z	2026-09-07T20:47:54Z	success	1000733113	8
34160678738	2026-09-07T20:46:34Z	credential-path-guard	2026-09-07T20:48:57Z	2026-09-07T20:49:19Z	success	1000733130	5
34160678738	2026-09-07T20:46:34Z	readme-counts	2026-09-07T20:51:02Z	2026-09-07T20:51:14Z	success	1000733185	5
34160678738	2026-09-07T20:46:34Z	marketplace-manifest-guard	2026-09-07T20:47:29Z	2026-09-07T20:47:47Z	success	1000733110	7
34160678738	2026-09-07T20:46:34Z	lint-bot-statuses	2026-09-07T20:47:35Z	2026-09-07T20:48:10Z	success	1000733114	15
34160678738	2026-09-07T20:46:34Z	service-role-allowlist-gate	2026-09-07T20:51:20Z	2026-09-07T20:51:29Z	success	1000733190	6
34160678738	2026-09-07T20:46:34Z	encryption-posture	2026-09-07T20:48:09Z	2026-09-07T20:48:21Z	success	1000733120	5
34160678738	2026-09-07T20:46:34Z	lockfile-sync	2026-09-07T20:48:27Z	2026-09-07T20:48:59Z	success	1000733125	15
34160678738	2026-09-07T20:46:34Z	lint-webplat	2026-09-07T20:47:50Z	2026-09-07T20:49:24Z	success	1000733116	9
34160678738	2026-09-07T20:46:34Z	test-bun	2026-09-07T20:51:04Z	2026-09-07T20:52:15Z	success	1000733186	10
34160678738	2026-09-07T20:46:34Z	rule-metrics-shape	2026-09-07T20:49:05Z	2026-09-07T20:49:18Z	success	1000733133	5
34160678738	2026-09-07T20:46:34Z	lint-conversations-update-callsites	2026-09-07T20:49:04Z	2026-09-07T20:49:18Z	success	1000733134	5
34160678738	2026-09-07T20:46:34Z	adr-ordinals	2026-09-07T20:48:04Z	2026-09-07T20:48:17Z	success	1000733119	5
34160678738	2026-09-07T20:46:34Z	test-scripts	2026-09-07T20:49:46Z	2026-09-07T21:25:02Z	success	1000733153	9
34160678738	2026-09-07T20:46:34Z	rule-body-lint	2026-09-07T20:51:10Z	2026-09-07T20:51:26Z	success	1000733187	5
34160678738	2026-09-07T20:46:34Z	web-platform-build	2026-09-07T20:52:18Z	2026-09-07T20:54:22Z	success	1000733211	8
34160678738	2026-09-07T20:46:34Z	test-webplat (1/2)	2026-09-07T20:52:09Z	2026-09-07T20:56:50Z	success	1000733206	11
34160678738	2026-09-07T20:46:34Z	test-webplat (2/2)	2026-09-07T20:52:03Z	2026-09-07T20:55:14Z	success	1000733204	11
34160678738	2026-09-07T20:46:34Z	tc-document-sha-guard	2026-09-07T20:52:18Z	2026-09-07T20:52:38Z	success	1000733212	5
34160678738	2026-09-07T20:46:34Z	e2e	2026-09-07T20:52:50Z	2026-09-07T20:56:29Z	success	1000733219	10
34160678738	2026-09-07T20:46:34Z	plugin-root-propagation-gate	2026-09-07T20:46:35Z	2026-09-07T20:46:35Z	skipped	null	0
34160678738	2026-09-07T20:46:34Z	sandbox-canary-capture-gate	2026-09-07T20:46:35Z	2026-09-07T20:46:35Z	skipped	null	0
34160678738	2026-09-07T20:46:34Z	critical-css-gate	2026-09-07T20:52:50Z	2026-09-07T20:53:44Z	success	1000733220	14
34160678738	2026-09-07T20:46:34Z	test	2026-09-07T21:25:10Z	2026-09-07T21:25:14Z	success	1000733667	3
34157327021	2026-09-07T19:53:59Z	credential-path-guard	2026-09-07T19:56:16Z	2026-09-07T19:56:39Z	success	1000732269	5
34157327021	2026-09-07T19:53:59Z	lint-bot-statuses	2026-09-07T19:56:10Z	2026-09-07T19:56:40Z	success	1000732265	15
34157327021	2026-09-07T19:53:59Z	detect-changes	2026-09-07T19:56:16Z	2026-09-07T19:56:32Z	success	1000732270	5
34157327021	2026-09-07T19:53:59Z	marketplace-manifest-guard	2026-09-07T20:00:48Z	2026-09-07T20:00:59Z	success	1000732358	7
34157327021	2026-09-07T19:53:59Z	encryption-posture	2026-09-07T20:02:21Z	2026-09-07T20:02:35Z	success	1000732386	5
34157327021	2026-09-07T19:53:59Z	web-platform-build	2026-09-07T19:56:16Z	2026-09-07T19:58:22Z	success	1000732271	8
34157327021	2026-09-07T19:53:59Z	test-scripts	2026-09-07T20:02:34Z	2026-09-07T20:36:43Z	success	1000732388	9
34157327021	2026-09-07T19:53:59Z	rule-metrics-shape	2026-09-07T20:00:47Z	2026-09-07T20:00:54Z	success	1000732359	5
34157327021	2026-09-07T19:53:59Z	grok-fidelity	2026-09-07T20:00:27Z	2026-09-07T20:00:45Z	success	1000732352	8
34157327021	2026-09-07T19:53:59Z	readme-counts	2026-09-07T20:07:22Z	2026-09-07T20:07:38Z	success	1000732497	5
34157327021	2026-09-07T19:53:59Z	lockfile-sync	2026-09-07T20:10:03Z	2026-09-07T20:10:37Z	success	1000732551	15
34157327021	2026-09-07T19:53:59Z	lint-conversations-update-callsites	2026-09-07T20:04:32Z	2026-09-07T20:04:44Z	success	1000732441	5
34157327021	2026-09-07T19:53:59Z	adr-ordinals	2026-09-07T19:55:58Z	2026-09-07T19:56:09Z	success	1000732261	5
34157327021	2026-09-07T19:53:59Z	tc-document-sha-guard	2026-09-07T20:02:36Z	2026-09-07T20:02:54Z	success	1000732391	5
34157327021	2026-09-07T19:53:59Z	e2e	2026-09-07T20:02:37Z	2026-09-07T20:06:23Z	success	1000732390	10
34157327021	2026-09-07T19:53:59Z	rule-body-lint	2026-09-07T20:04:32Z	2026-09-07T20:04:49Z	success	1000732442	5
34157327021	2026-09-07T19:53:59Z	service-role-allowlist-gate	2026-09-07T20:07:56Z	2026-09-07T20:08:08Z	success	1000732511	6
34157327021	2026-09-07T19:53:59Z	test-bun	2026-09-07T20:09:46Z	2026-09-07T20:10:57Z	success	1000732545	10
34157327021	2026-09-07T19:53:59Z	lint-webplat	2026-09-07T20:11:31Z	2026-09-07T20:12:59Z	success	1000732570	9
34157327021	2026-09-07T19:53:59Z	test-webplat (2/2)	2026-09-07T20:12:40Z	2026-09-07T20:15:53Z	success	1000732591	11
34157327021	2026-09-07T19:53:59Z	test-webplat (1/2)	2026-09-07T20:12:57Z	2026-09-07T20:16:37Z	success	1000732594	11
34157327021	2026-09-07T19:53:59Z	plugin-root-propagation-gate	2026-09-07T19:54:00Z	2026-09-07T19:53:59Z	skipped	null	0
34157327021	2026-09-07T19:53:59Z	sandbox-canary-capture-gate	2026-09-07T19:54:00Z	2026-09-07T19:53:59Z	skipped	null	0
34157327021	2026-09-07T19:53:59Z	critical-css-gate	2026-09-07T20:16:04Z	2026-09-07T20:17:00Z	success	1000732648	14
34157327021	2026-09-07T19:53:59Z	test	2026-09-07T20:36:54Z	2026-09-07T20:36:56Z	success	1000732912	3
34152496134	2026-09-07T18:39:19Z	readme-counts	2026-09-07T18:39:23Z	2026-09-07T18:39:37Z	success	1000731075	5
34152496134	2026-09-07T18:39:19Z	lint-conversations-update-callsites	2026-09-07T18:39:22Z	2026-09-07T18:39:34Z	success	1000731072	5
34152496134	2026-09-07T18:39:19Z	marketplace-manifest-guard	2026-09-07T18:39:22Z	2026-09-07T18:40:08Z	success	1000731071	7
34152496134	2026-09-07T18:39:19Z	encryption-posture	2026-09-07T18:39:23Z	2026-09-07T18:39:37Z	success	1000731074	5
34152496134	2026-09-07T18:39:19Z	detect-changes	2026-09-07T18:39:22Z	2026-09-07T18:39:39Z	success	1000731073	5
34152496134	2026-09-07T18:39:19Z	rule-body-lint	2026-09-07T18:39:23Z	2026-09-07T18:39:39Z	success	1000731076	5
34152496134	2026-09-07T18:39:19Z	credential-path-guard	2026-09-07T18:39:23Z	2026-09-07T18:39:43Z	success	1000731077	5
34152496134	2026-09-07T18:39:19Z	lint-bot-statuses	2026-09-07T18:39:22Z	2026-09-07T18:39:54Z	success	1000731078	15
34152496134	2026-09-07T18:39:19Z	grok-fidelity	2026-09-07T18:39:23Z	2026-09-07T18:39:39Z	success	1000731079	8
34152496134	2026-09-07T18:39:19Z	web-platform-build	2026-09-07T18:39:23Z	2026-09-07T18:41:29Z	success	1000731082	8
34152496134	2026-09-07T18:39:19Z	service-role-allowlist-gate	2026-09-07T18:39:23Z	2026-09-07T18:39:39Z	success	1000731080	6
34152496134	2026-09-07T18:39:19Z	lint-webplat	2026-09-07T18:39:22Z	2026-09-07T18:40:46Z	success	1000731083	9
34152496134	2026-09-07T18:39:19Z	e2e	2026-09-07T18:39:42Z	2026-09-07T18:43:21Z	success	1000731090	10
34152496134	2026-09-07T18:39:19Z	test-webplat (1/2)	2026-09-07T18:39:41Z	2026-09-07T18:42:42Z	success	1000731088	11
34152496134	2026-09-07T18:39:19Z	adr-ordinals	2026-09-07T18:39:42Z	2026-09-07T18:39:52Z	success	1000731092	5
34152496134	2026-09-07T18:39:19Z	test-webplat (2/2)	2026-09-07T18:39:41Z	2026-09-07T18:42:52Z	success	1000731089	11
34152496134	2026-09-07T18:39:19Z	rule-metrics-shape	2026-09-07T18:39:43Z	2026-09-07T18:39:51Z	success	1000731095	5
34152496134	2026-09-07T18:39:19Z	test-scripts	2026-09-07T18:39:43Z	2026-09-07T19:15:33Z	success	1000731094	9
34152496134	2026-09-07T18:39:19Z	tc-document-sha-guard	2026-09-07T18:39:22Z	2026-09-07T18:39:39Z	success	1000731081	5
34152496134	2026-09-07T18:39:19Z	lockfile-sync	2026-09-07T18:39:42Z	2026-09-07T18:40:12Z	success	1000731091	15
34152496134	2026-09-07T18:39:19Z	test-bun	2026-09-07T18:39:42Z	2026-09-07T18:40:33Z	success	1000731093	10
34152496134	2026-09-07T18:39:19Z	sandbox-canary-capture-gate	2026-09-07T18:39:20Z	2026-09-07T18:39:19Z	skipped	null	0
34152496134	2026-09-07T18:39:19Z	plugin-root-propagation-gate	2026-09-07T18:39:20Z	2026-09-07T18:39:19Z	skipped	null	0
34152496134	2026-09-07T18:39:19Z	critical-css-gate	2026-09-07T18:39:55Z	2026-09-07T18:40:48Z	success	1000731098	14
34152496134	2026-09-07T18:39:19Z	test	2026-09-07T19:18:08Z	2026-09-07T19:18:10Z	success	1000731412	3
34149741403	2026-09-07T17:58:12Z	service-role-allowlist-gate	2026-09-07T17:59:25Z	2026-09-07T17:59:33Z	success	1000730953	6
34149741403	2026-09-07T17:58:12Z	marketplace-manifest-guard	2026-09-07T17:59:38Z	2026-09-07T17:59:52Z	success	1000730958	7
34149741403	2026-09-07T17:58:12Z	test-scripts	2026-09-07T17:59:38Z	2026-09-07T18:33:49Z	success	1000730959	9
34149741403	2026-09-07T17:58:12Z	adr-ordinals	2026-09-07T18:00:13Z	2026-09-07T18:00:25Z	success	1000730968	5
34149741403	2026-09-07T17:58:12Z	rule-body-lint	2026-09-07T18:00:08Z	2026-09-07T18:00:26Z	success	1000730965	5
34149741403	2026-09-07T17:58:12Z	encryption-posture	2026-09-07T17:59:36Z	2026-09-07T17:59:48Z	success	1000730957	5
34149741403	2026-09-07T17:58:12Z	rule-metrics-shape	2026-09-07T17:59:48Z	2026-09-07T18:00:05Z	success	1000730960	5
34149741403	2026-09-07T17:58:12Z	credential-path-guard	2026-09-07T18:01:02Z	2026-09-07T18:01:20Z	success	1000730978	5
34149741403	2026-09-07T17:58:12Z	readme-counts	2026-09-07T17:59:55Z	2026-09-07T18:00:06Z	success	1000730962	5
34149741403	2026-09-07T17:58:12Z	test-webplat (2/2)	2026-09-07T17:59:51Z	2026-09-07T18:02:39Z	success	1000730961	11
34149741403	2026-09-07T17:58:12Z	tc-document-sha-guard	2026-09-07T18:00:27Z	2026-09-07T18:00:43Z	success	1000730970	5
34149741403	2026-09-07T17:58:12Z	test-bun	2026-09-07T18:00:10Z	2026-09-07T18:01:28Z	success	1000730967	10
34149741403	2026-09-07T17:58:12Z	lockfile-sync	2026-09-07T18:00:07Z	2026-09-07T18:00:38Z	success	1000730964	15
34149741403	2026-09-07T17:58:12Z	web-platform-build	2026-09-07T18:00:25Z	2026-09-07T18:01:44Z	success	1000730969	8
34149741403	2026-09-07T17:58:12Z	detect-changes	2026-09-07T18:02:17Z	2026-09-07T18:02:33Z	success	1000731001	5
34149741403	2026-09-07T17:58:12Z	grok-fidelity	2026-09-07T18:00:09Z	2026-09-07T18:00:22Z	success	1000730966	8
34149741403	2026-09-07T17:58:12Z	test-webplat (1/2)	2026-09-07T18:00:41Z	2026-09-07T18:04:33Z	success	1000730972	11
34149741403	2026-09-07T17:58:12Z	e2e	2026-09-07T18:00:28Z	2026-09-07T18:04:06Z	success	1000730971	10
34149741403	2026-09-07T17:58:12Z	lint-conversations-update-callsites	2026-09-07T18:00:43Z	2026-09-07T18:00:52Z	success	1000730973	5
34149741403	2026-09-07T17:58:12Z	lint-bot-statuses	2026-09-07T18:00:46Z	2026-09-07T18:01:18Z	success	1000730975	15
34149741403	2026-09-07T17:58:12Z	lint-webplat	2026-09-07T18:02:18Z	2026-09-07T18:03:32Z	success	1000731002	9
34149741403	2026-09-07T17:58:12Z	plugin-root-propagation-gate	2026-09-07T17:59:21Z	2026-09-07T17:59:20Z	skipped	null	0
34149741403	2026-09-07T17:58:12Z	sandbox-canary-capture-gate	2026-09-07T17:59:29Z	2026-09-07T17:59:20Z	skipped	null	0
34149741403	2026-09-07T17:58:12Z	critical-css-gate	2026-09-07T18:03:28Z	2026-09-07T18:04:24Z	success	1000731024	14
34149741403	2026-09-07T17:58:12Z	test	2026-09-07T18:33:52Z	2026-09-07T18:33:54Z	success	1000731058	3
34147070945	2026-09-07T17:18:42Z	encryption-posture	2026-09-07T17:31:05Z	2026-09-07T17:31:17Z	success	1000730693	5
34147070945	2026-09-07T17:18:42Z	web-platform-build	2026-09-07T17:32:13Z	2026-09-07T17:34:27Z	success	1000730692	8
34147070945	2026-09-07T17:18:42Z	detect-changes	2026-09-07T17:31:06Z	2026-09-07T17:31:24Z	success	1000730694	5
34147070945	2026-09-07T17:18:42Z	e2e	2026-09-07T17:31:20Z	2026-09-07T17:35:02Z	success	1000730711	10
34147070945	2026-09-07T17:18:42Z	credential-path-guard	2026-09-07T17:31:05Z	2026-09-07T17:31:21Z	success	1000730700	5
34147070945	2026-09-07T17:18:42Z	grok-fidelity	2026-09-07T17:31:06Z	2026-09-07T17:31:27Z	success	1000730695	8
34147070945	2026-09-07T17:18:42Z	rule-body-lint	2026-09-07T17:31:05Z	2026-09-07T17:31:25Z	success	1000730698	5
34147070945	2026-09-07T17:18:42Z	lint-webplat	2026-09-07T17:31:07Z	2026-09-07T17:32:47Z	success	1000730697	9
34147070945	2026-09-07T17:18:42Z	adr-ordinals	2026-09-07T17:31:05Z	2026-09-07T17:31:17Z	success	1000730699	5
34147070945	2026-09-07T17:18:42Z	test-bun	2026-09-07T17:31:06Z	2026-09-07T17:32:11Z	success	1000730702	10
34147070945	2026-09-07T17:18:42Z	lockfile-sync	2026-09-07T17:31:05Z	2026-09-07T17:31:35Z	success	1000730696	15
34147070945	2026-09-07T17:18:42Z	lint-conversations-update-callsites	2026-09-07T17:31:06Z	2026-09-07T17:31:18Z	success	1000730701	5
34147070945	2026-09-07T17:18:42Z	service-role-allowlist-gate	2026-09-07T17:31:07Z	2026-09-07T17:31:18Z	success	1000730708	6
34147070945	2026-09-07T17:18:42Z	marketplace-manifest-guard	2026-09-07T17:31:06Z	2026-09-07T17:31:19Z	success	1000730704	7
34147070945	2026-09-07T17:18:42Z	readme-counts	2026-09-07T17:31:05Z	2026-09-07T17:31:17Z	success	1000730705	5
34147070945	2026-09-07T17:18:42Z	test-scripts	2026-09-07T17:31:05Z	2026-09-07T17:58:57Z	success	1000730706	9
34147070945	2026-09-07T17:18:42Z	tc-document-sha-guard	2026-09-07T17:31:21Z	2026-09-07T17:31:41Z	success	1000730712	5
34147070945	2026-09-07T17:18:42Z	test-webplat (1/2)	2026-09-07T17:31:05Z	2026-09-07T17:34:34Z	success	1000730703	11
34147070945	2026-09-07T17:18:42Z	rule-metrics-shape	2026-09-07T17:31:06Z	2026-09-07T17:31:20Z	success	1000730707	5
34147070945	2026-09-07T17:18:42Z	lint-bot-statuses	2026-09-07T17:31:19Z	2026-09-07T17:31:50Z	success	1000730710	15
34147070945	2026-09-07T17:18:42Z	test-webplat (2/2)	2026-09-07T17:31:19Z	2026-09-07T17:34:40Z	success	1000730709	11
34147070945	2026-09-07T17:18:42Z	plugin-root-propagation-gate	2026-09-07T17:31:03Z	2026-09-07T17:31:02Z	skipped	null	0
34147070945	2026-09-07T17:18:42Z	sandbox-canary-capture-gate	2026-09-07T17:31:03Z	2026-09-07T17:31:02Z	skipped	null	0
34147070945	2026-09-07T17:18:42Z	critical-css-gate	2026-09-07T17:31:28Z	2026-09-07T17:32:20Z	success	1000730713	14
34147070945	2026-09-07T17:18:42Z	test	2026-09-07T17:59:17Z	2026-09-07T17:59:20Z	success	1000730951	3
34143928519	2026-09-07T16:34:57Z	credential-path-guard	2026-09-07T16:55:46Z	2026-09-07T16:56:07Z	success	1000730556	5
34143928519	2026-09-07T16:34:57Z	rule-metrics-shape	2026-09-07T16:55:46Z	2026-09-07T16:55:57Z	success	1000730560	5
34143928519	2026-09-07T16:34:57Z	readme-counts	2026-09-07T16:55:46Z	2026-09-07T16:55:58Z	success	1000730562	5
34143928519	2026-09-07T16:34:57Z	lint-conversations-update-callsites	2026-09-07T16:55:46Z	2026-09-07T16:55:59Z	success	1000730571	5
34143928519	2026-09-07T16:34:57Z	lockfile-sync	2026-09-07T16:55:46Z	2026-09-07T16:56:20Z	success	1000730557	15
34143928519	2026-09-07T16:34:57Z	lint-webplat	2026-09-07T16:55:47Z	2026-09-07T16:57:22Z	success	1000730569	9
34143928519	2026-09-07T16:34:57Z	marketplace-manifest-guard	2026-09-07T16:55:46Z	2026-09-07T16:56:00Z	success	1000730563	7
34143928519	2026-09-07T16:34:57Z	lint-bot-statuses	2026-09-07T16:55:47Z	2026-09-07T16:56:23Z	success	1000730565	15
34143928519	2026-09-07T16:34:57Z	web-platform-build	2026-09-07T16:55:46Z	2026-09-07T16:57:39Z	success	1000730570	8
34143928519	2026-09-07T16:34:57Z	service-role-allowlist-gate	2026-09-07T16:55:46Z	2026-09-07T16:55:57Z	success	1000730559	6
34143928519	2026-09-07T16:34:57Z	test-webplat (1/2)	2026-09-07T16:55:46Z	2026-09-07T17:00:05Z	success	1000730561	11
34143928519	2026-09-07T16:34:57Z	test-scripts	2026-09-07T16:55:59Z	2026-09-07T17:30:56Z	success	1000730573	9
34143928519	2026-09-07T16:34:57Z	e2e	2026-09-07T16:55:46Z	2026-09-07T16:59:13Z	success	1000730564	10
34143928519	2026-09-07T16:34:57Z	tc-document-sha-guard	2026-09-07T16:55:46Z	2026-09-07T16:56:03Z	success	1000730558	5
34143928519	2026-09-07T16:34:57Z	test-webplat (2/2)	2026-09-07T16:55:46Z	2026-09-07T16:58:12Z	success	1000730566	11
34143928519	2026-09-07T16:34:57Z	detect-changes	2026-09-07T16:55:46Z	2026-09-07T16:56:08Z	success	1000730568	5
34143928519	2026-09-07T16:34:57Z	encryption-posture	2026-09-07T16:55:46Z	2026-09-07T16:55:57Z	success	1000730567	5
34143928519	2026-09-07T16:34:57Z	adr-ordinals	2026-09-07T16:55:46Z	2026-09-07T16:55:57Z	success	1000730572	5
34143928519	2026-09-07T16:34:57Z	rule-body-lint	2026-09-07T16:55:59Z	2026-09-07T16:56:15Z	success	1000730574	5
34143928519	2026-09-07T16:34:57Z	grok-fidelity	2026-09-07T16:56:01Z	2026-09-07T16:56:18Z	success	1000730576	8
34143928519	2026-09-07T16:34:57Z	test-bun	2026-09-07T16:56:00Z	2026-09-07T16:57:07Z	success	1000730575	10
34143928519	2026-09-07T16:34:57Z	sandbox-canary-capture-gate	2026-09-07T16:55:43Z	2026-09-07T16:55:43Z	skipped	null	0
34143928519	2026-09-07T16:34:57Z	plugin-root-propagation-gate	2026-09-07T16:55:43Z	2026-09-07T16:55:43Z	skipped	null	0
34143928519	2026-09-07T16:34:57Z	critical-css-gate	2026-09-07T16:56:11Z	2026-09-07T16:57:13Z	success	1000730577	14
34143928519	2026-09-07T16:34:57Z	test	2026-09-07T17:30:59Z	2026-09-07T17:31:02Z	success	1000730691	3
34141448851	2026-09-07T16:04:05Z	lint-conversations-update-callsites	2026-09-07T16:13:47Z	2026-09-07T16:13:58Z	success	1000730264	5
34141448851	2026-09-07T16:04:05Z	test-scripts	2026-09-07T16:16:37Z	2026-09-07T16:55:36Z	failure	1000730332	9
34141448851	2026-09-07T16:04:05Z	web-platform-build	2026-09-07T16:12:11Z	2026-09-07T16:14:14Z	success	1000730242	8
34141448851	2026-09-07T16:04:05Z	e2e	2026-09-07T16:12:36Z	2026-09-07T16:16:20Z	success	1000730248	10
34141448851	2026-09-07T16:04:05Z	lockfile-sync	2026-09-07T16:13:14Z	2026-09-07T16:13:44Z	success	1000730257	15
34141448851	2026-09-07T16:04:05Z	test-bun	2026-09-07T16:15:09Z	2026-09-07T16:16:17Z	success	1000730298	10
34141448851	2026-09-07T16:04:05Z	marketplace-manifest-guard	2026-09-07T16:18:15Z	2026-09-07T16:18:30Z	success	1000730354	7
34141448851	2026-09-07T16:04:05Z	lint-bot-statuses	2026-09-07T16:13:56Z	2026-09-07T16:14:28Z	success	1000730266	15
34141448851	2026-09-07T16:04:05Z	rule-body-lint	2026-09-07T16:17:09Z	2026-09-07T16:17:26Z	success	1000730342	5
34141448851	2026-09-07T16:04:05Z	readme-counts	2026-09-07T16:15:16Z	2026-09-07T16:15:27Z	success	1000730303	5
34141448851	2026-09-07T16:04:05Z	test-webplat (2/2)	2026-09-07T16:17:32Z	2026-09-07T16:20:21Z	success	1000730349	11
34141448851	2026-09-07T16:04:05Z	credential-path-guard	2026-09-07T16:16:06Z	2026-09-07T16:16:27Z	success	1000730319	5
34141448851	2026-09-07T16:04:05Z	tc-document-sha-guard	2026-09-07T16:18:08Z	2026-09-07T16:18:24Z	success	1000730353	5
34141448851	2026-09-07T16:04:05Z	test-webplat (1/2)	2026-09-07T16:18:42Z	2026-09-07T16:23:09Z	success	1000730359	11
34141448851	2026-09-07T16:04:05Z	rule-metrics-shape	2026-09-07T16:15:13Z	2026-09-07T16:15:25Z	success	1000730301	5
34141448851	2026-09-07T16:04:05Z	detect-changes	2026-09-07T16:16:30Z	2026-09-07T16:16:46Z	success	1000730328	5
34141448851	2026-09-07T16:04:05Z	adr-ordinals	2026-09-07T16:18:55Z	2026-09-07T16:19:07Z	success	1000730361	5
34141448851	2026-09-07T16:04:05Z	grok-fidelity	2026-09-07T16:18:50Z	2026-09-07T16:19:07Z	success	1000730360	8
34141448851	2026-09-07T16:04:05Z	encryption-posture	2026-09-07T16:19:10Z	2026-09-07T16:19:23Z	success	1000730363	5
34141448851	2026-09-07T16:04:05Z	lint-webplat	2026-09-07T16:18:38Z	2026-09-07T16:20:13Z	success	1000730358	9
34141448851	2026-09-07T16:04:05Z	service-role-allowlist-gate	2026-09-07T16:19:10Z	2026-09-07T16:19:23Z	success	1000730362	6
34141448851	2026-09-07T16:04:05Z	plugin-root-propagation-gate	2026-09-07T16:10:51Z	2026-09-07T16:10:50Z	skipped	null	0
34141448851	2026-09-07T16:04:05Z	sandbox-canary-capture-gate	2026-09-07T16:10:51Z	2026-09-07T16:10:50Z	skipped	null	0
34141448851	2026-09-07T16:04:05Z	critical-css-gate	2026-09-07T16:19:27Z	2026-09-07T16:20:19Z	success	1000730365	14
34141448851	2026-09-07T16:04:05Z	test	2026-09-07T16:55:39Z	2026-09-07T16:55:42Z	failure	1000730555	3
34137482399	2026-09-07T15:16:49Z	lint-bot-statuses	2026-09-07T15:24:32Z	2026-09-07T15:25:00Z	success	1000729382	15
34137482399	2026-09-07T15:16:49Z	lockfile-sync	2026-09-07T15:24:29Z	2026-09-07T15:25:02Z	success	1000729381	15
34137482399	2026-09-07T15:16:49Z	tc-document-sha-guard	2026-09-07T15:34:37Z	2026-09-07T15:34:55Z	success	1000729565	5
34137482399	2026-09-07T15:16:49Z	grok-fidelity	2026-09-07T15:34:33Z	2026-09-07T15:34:56Z	success	1000729562	8
34137482399	2026-09-07T15:16:49Z	readme-counts	2026-09-07T15:34:37Z	2026-09-07T15:34:48Z	success	1000729564	5
34137482399	2026-09-07T15:16:49Z	e2e	2026-09-07T15:30:32Z	2026-09-07T15:34:14Z	success	1000729498	10
34137482399	2026-09-07T15:16:49Z	detect-changes	2026-09-07T15:36:41Z	2026-09-07T15:36:57Z	success	1000729606	5
34137482399	2026-09-07T15:16:49Z	encryption-posture	2026-09-07T15:34:21Z	2026-09-07T15:34:33Z	success	1000729558	5
34137482399	2026-09-07T15:16:49Z	credential-path-guard	2026-09-07T15:32:07Z	2026-09-07T15:32:30Z	success	1000729522	5
34137482399	2026-09-07T15:16:49Z	test-webplat (2/2)	2026-09-07T15:34:27Z	2026-09-07T15:38:02Z	success	1000729560	11
34137482399	2026-09-07T15:16:49Z	rule-body-lint	2026-09-07T15:29:48Z	2026-09-07T15:30:06Z	success	1000729482	5
34137482399	2026-09-07T15:16:49Z	rule-metrics-shape	2026-09-07T15:36:31Z	2026-09-07T15:36:44Z	success	1000729600	5
34137482399	2026-09-07T15:16:49Z	marketplace-manifest-guard	2026-09-07T15:32:16Z	2026-09-07T15:33:05Z	success	1000729524	7
34137482399	2026-09-07T15:16:49Z	test-bun	2026-09-07T15:36:48Z	2026-09-07T15:37:57Z	success	1000729608	10
34137482399	2026-09-07T15:16:49Z	test-webplat (1/2)	2026-09-07T15:37:53Z	2026-09-07T15:42:15Z	success	1000729626	11
34137482399	2026-09-07T15:16:49Z	service-role-allowlist-gate	2026-09-07T15:30:32Z	2026-09-07T15:30:49Z	success	1000729499	6
34137482399	2026-09-07T15:16:49Z	lint-webplat	2026-09-07T15:38:52Z	2026-09-07T15:40:25Z	success	1000729644	9
34137482399	2026-09-07T15:16:49Z	test-scripts	2026-09-07T15:34:55Z	2026-09-07T16:09:41Z	success	1000729569	9
34137482399	2026-09-07T15:16:49Z	lint-conversations-update-callsites	2026-09-07T15:39:18Z	2026-09-07T15:39:31Z	success	1000729652	5
34137482399	2026-09-07T15:16:49Z	web-platform-build	2026-09-07T15:39:42Z	2026-09-07T15:41:43Z	success	1000729659	8
34137482399	2026-09-07T15:16:49Z	adr-ordinals	2026-09-07T15:29:01Z	2026-09-07T15:29:16Z	success	1000729458	5
34137482399	2026-09-07T15:16:49Z	sandbox-canary-capture-gate	2026-09-07T15:19:56Z	2026-09-07T15:19:55Z	skipped	null	0
34137482399	2026-09-07T15:16:49Z	plugin-root-propagation-gate	2026-09-07T15:19:56Z	2026-09-07T15:19:55Z	skipped	null	0
34137482399	2026-09-07T15:16:49Z	critical-css-gate	2026-09-07T15:43:02Z	2026-09-07T15:43:56Z	success	1000729729	14
34137482399	2026-09-07T15:16:49Z	test	2026-09-07T16:10:46Z	2026-09-07T16:10:50Z	success	1000730219	3
34133302815	2026-09-07T14:30:15Z	readme-counts	2026-09-07T14:30:55Z	2026-09-07T14:31:06Z	success	1000728500	5
34133302815	2026-09-07T14:30:15Z	test-scripts	2026-09-07T14:42:19Z	2026-09-07T15:17:51Z	success	1000728748	9
34133302815	2026-09-07T14:30:15Z	rule-metrics-shape	2026-09-07T14:31:26Z	2026-09-07T14:31:37Z	success	1000728508	5
34133302815	2026-09-07T14:30:15Z	test-webplat (2/2)	2026-09-07T14:31:56Z	2026-09-07T14:35:04Z	success	1000728519	11
34133302815	2026-09-07T14:30:15Z	credential-path-guard	2026-09-07T14:31:26Z	2026-09-07T14:31:52Z	success	1000728507	5
34133302815	2026-09-07T14:30:15Z	marketplace-manifest-guard	2026-09-07T14:36:41Z	2026-09-07T14:36:55Z	success	1000728620	7
34133302815	2026-09-07T14:30:15Z	service-role-allowlist-gate	2026-09-07T14:31:40Z	2026-09-07T14:31:48Z	success	1000728511	6
34133302815	2026-09-07T14:30:15Z	lint-webplat	2026-09-07T14:39:13Z	2026-09-07T14:40:36Z	success	1000728665	9
34133302815	2026-09-07T14:30:15Z	test-bun	2026-09-07T14:34:18Z	2026-09-07T14:35:21Z	success	1000728567	10
34133302815	2026-09-07T14:30:15Z	lockfile-sync	2026-09-07T14:37:49Z	2026-09-07T14:38:21Z	success	1000728636	15
34133302815	2026-09-07T14:30:15Z	grok-fidelity	2026-09-07T14:40:32Z	2026-09-07T14:40:53Z	success	1000728698	8
34133302815	2026-09-07T14:30:15Z	e2e	2026-09-07T14:34:45Z	2026-09-07T14:38:30Z	success	1000728580	10
34133302815	2026-09-07T14:30:15Z	test-webplat (1/2)	2026-09-07T14:40:06Z	2026-09-07T14:44:18Z	success	1000728685	11
34133302815	2026-09-07T14:30:15Z	lint-bot-statuses	2026-09-07T14:39:17Z	2026-09-07T14:39:50Z	success	1000728666	15
34133302815	2026-09-07T14:30:15Z	lint-conversations-update-callsites	2026-09-07T14:41:28Z	2026-09-07T14:41:42Z	success	1000728725	5
34133302815	2026-09-07T14:30:15Z	encryption-posture	2026-09-07T14:40:33Z	2026-09-07T14:40:49Z	success	1000728696	5
34133302815	2026-09-07T14:30:15Z	adr-ordinals	2026-09-07T14:34:44Z	2026-09-07T14:34:59Z	success	1000728581	5
34133302815	2026-09-07T14:30:15Z	rule-body-lint	2026-09-07T14:43:05Z	2026-09-07T14:43:24Z	success	1000728763	5
34133302815	2026-09-07T14:30:15Z	tc-document-sha-guard	2026-09-07T14:41:27Z	2026-09-07T14:41:44Z	success	1000728724	5
34133302815	2026-09-07T14:30:15Z	web-platform-build	2026-09-07T14:40:33Z	2026-09-07T14:42:34Z	success	1000728697	8
34133302815	2026-09-07T14:30:15Z	detect-changes	2026-09-07T14:44:07Z	2026-09-07T14:44:24Z	success	1000728781	5
34133302815	2026-09-07T14:30:15Z	plugin-root-propagation-gate	2026-09-07T14:30:16Z	2026-09-07T14:30:16Z	skipped	null	0
34133302815	2026-09-07T14:30:15Z	sandbox-canary-capture-gate	2026-09-07T14:30:16Z	2026-09-07T14:30:16Z	skipped	null	0
34133302815	2026-09-07T14:30:15Z	critical-css-gate	2026-09-07T14:51:42Z	2026-09-07T14:52:37Z	success	1000728924	14
34133302815	2026-09-07T14:30:15Z	test	2026-09-07T15:19:52Z	2026-09-07T15:19:54Z	success	1000729295	3
34129979741	2026-09-07T13:54:08Z	lint-bot-statuses	2026-09-07T13:54:12Z	2026-09-07T13:54:47Z	success	1000727781	15
34129979741	2026-09-07T13:54:08Z	marketplace-manifest-guard	2026-09-07T13:54:11Z	2026-09-07T13:54:33Z	success	1000727786	7
34129979741	2026-09-07T13:54:08Z	lockfile-sync	2026-09-07T13:54:11Z	2026-09-07T13:54:42Z	success	1000727782	15
34129979741	2026-09-07T13:54:08Z	rule-body-lint	2026-09-07T13:54:11Z	2026-09-07T13:54:28Z	success	1000727787	5
34129979741	2026-09-07T13:54:08Z	service-role-allowlist-gate	2026-09-07T13:54:12Z	2026-09-07T13:54:24Z	success	1000727785	6
34129979741	2026-09-07T13:54:08Z	test-bun	2026-09-07T13:54:12Z	2026-09-07T13:55:22Z	success	1000727784	10
34129979741	2026-09-07T13:54:08Z	lint-conversations-update-callsites	2026-09-07T13:54:11Z	2026-09-07T13:54:23Z	success	1000727783	5
34129979741	2026-09-07T13:54:08Z	test-webplat (2/2)	2026-09-07T13:54:30Z	2026-09-07T13:57:46Z	success	1000727792	11
34129979741	2026-09-07T13:54:08Z	lint-webplat	2026-09-07T13:54:31Z	2026-09-07T13:55:54Z	success	1000727793	9
34129979741	2026-09-07T13:54:08Z	test-webplat (1/2)	2026-09-07T13:54:12Z	2026-09-07T13:58:07Z	success	1000727788	11
34129979741	2026-09-07T13:54:08Z	credential-path-guard	2026-09-07T13:54:22Z	2026-09-07T13:54:40Z	success	1000727789	5
34129979741	2026-09-07T13:54:08Z	tc-document-sha-guard	2026-09-07T13:54:33Z	2026-09-07T13:54:50Z	success	1000727796	5
34129979741	2026-09-07T13:54:08Z	grok-fidelity	2026-09-07T13:54:42Z	2026-09-07T13:55:02Z	success	1000727798	8
34129979741	2026-09-07T13:54:08Z	web-platform-build	2026-09-07T13:54:53Z	2026-09-07T13:56:46Z	success	1000727802	8
34129979741	2026-09-07T13:54:08Z	readme-counts	2026-09-07T13:54:35Z	2026-09-07T13:54:44Z	success	1000727797	5
34129979741	2026-09-07T13:54:08Z	encryption-posture	2026-09-07T13:55:02Z	2026-09-07T13:55:16Z	success	1000727803	5
34129979741	2026-09-07T13:54:08Z	e2e	2026-09-07T13:54:50Z	2026-09-07T13:58:34Z	success	1000727801	10
34129979741	2026-09-07T13:54:08Z	test-scripts	2026-09-07T13:54:45Z	2026-09-07T14:29:03Z	success	1000727799	9
34129979741	2026-09-07T13:54:08Z	detect-changes	2026-09-07T13:55:05Z	2026-09-07T13:55:20Z	success	1000727805	5
34129979741	2026-09-07T13:54:08Z	adr-ordinals	2026-09-07T13:55:19Z	2026-09-07T13:55:32Z	success	1000727807	5
34129979741	2026-09-07T13:54:08Z	rule-metrics-shape	2026-09-07T13:55:24Z	2026-09-07T13:55:32Z	success	1000727809	5
34129979741	2026-09-07T13:54:08Z	plugin-root-propagation-gate	2026-09-07T13:54:09Z	2026-09-07T13:54:09Z	skipped	null	0
34129979741	2026-09-07T13:54:08Z	sandbox-canary-capture-gate	2026-09-07T13:54:09Z	2026-09-07T13:54:09Z	skipped	null	0
34129979741	2026-09-07T13:54:08Z	critical-css-gate	2026-09-07T13:55:28Z	2026-09-07T13:56:22Z	success	1000727810	14
34129979741	2026-09-07T13:54:08Z	test	2026-09-07T14:29:19Z	2026-09-07T14:29:23Z	success	1000728478	3
34126270478	2026-09-07T13:14:22Z	lint-conversations-update-callsites	2026-09-07T13:15:00Z	2026-09-07T13:15:12Z	success	1000727150	5
34126270478	2026-09-07T13:14:22Z	readme-counts	2026-09-07T13:17:06Z	2026-09-07T13:17:19Z	success	1000727190	5
34126270478	2026-09-07T13:14:22Z	grok-fidelity	2026-09-07T13:15:12Z	2026-09-07T13:15:30Z	success	1000727156	8
34126270478	2026-09-07T13:14:22Z	lint-bot-statuses	2026-09-07T13:17:30Z	2026-09-07T13:18:01Z	success	1000727198	15
34126270478	2026-09-07T13:14:22Z	credential-path-guard	2026-09-07T13:20:20Z	2026-09-07T13:20:37Z	success	1000727246	5
34126270478	2026-09-07T13:14:22Z	web-platform-build	2026-09-07T13:19:33Z	2026-09-07T13:21:30Z	success	1000727238	8
34126270478	2026-09-07T13:14:22Z	detect-changes	2026-09-07T13:21:57Z	2026-09-07T13:22:15Z	success	1000727278	5
34126270478	2026-09-07T13:14:22Z	test-bun	2026-09-07T13:17:47Z	2026-09-07T13:18:44Z	success	1000727205	10
34126270478	2026-09-07T13:14:22Z	encryption-posture	2026-09-07T13:22:02Z	2026-09-07T13:22:14Z	success	1000727280	5
34126270478	2026-09-07T13:14:22Z	marketplace-manifest-guard	2026-09-07T13:22:51Z	2026-09-07T13:23:07Z	success	1000727299	7
34126270478	2026-09-07T13:14:22Z	service-role-allowlist-gate	2026-09-07T13:22:45Z	2026-09-07T13:22:57Z	success	1000727296	6
34126270478	2026-09-07T13:14:22Z	adr-ordinals	2026-09-07T13:19:11Z	2026-09-07T13:19:23Z	success	1000727231	5
34126270478	2026-09-07T13:14:22Z	rule-body-lint	2026-09-07T13:25:31Z	2026-09-07T13:25:48Z	success	1000727362	5
34126270478	2026-09-07T13:14:22Z	rule-metrics-shape	2026-09-07T13:25:37Z	2026-09-07T13:25:54Z	success	1000727365	5
34126270478	2026-09-07T13:14:22Z	tc-document-sha-guard	2026-09-07T13:27:05Z	2026-09-07T13:27:22Z	success	1000727389	5
34126270478	2026-09-07T13:14:22Z	lint-webplat	2026-09-07T13:22:15Z	2026-09-07T13:23:39Z	success	1000727283	9
34126270478	2026-09-07T13:14:22Z	test-webplat (2/2)	2026-09-07T13:22:38Z	2026-09-07T13:25:13Z	success	1000727292	11
34126270478	2026-09-07T13:14:22Z	lockfile-sync	2026-09-07T13:24:47Z	2026-09-07T13:25:17Z	success	1000727343	15
34126270478	2026-09-07T13:14:22Z	test-scripts	2026-09-07T13:22:19Z	2026-09-07T13:52:24Z	success	1000727285	9
34126270478	2026-09-07T13:14:22Z	e2e	2026-09-07T13:24:58Z	2026-09-07T13:28:14Z	success	1000727348	10
34126270478	2026-09-07T13:14:22Z	test-webplat (1/2)	2026-09-07T13:28:53Z	2026-09-07T13:33:16Z	success	1000727409	11
34126270478	2026-09-07T13:14:22Z	sandbox-canary-capture-gate	2026-09-07T13:14:23Z	2026-09-07T13:14:23Z	skipped	null	0
34126270478	2026-09-07T13:14:22Z	plugin-root-propagation-gate	2026-09-07T13:14:23Z	2026-09-07T13:14:23Z	skipped	null	0
34126270478	2026-09-07T13:14:22Z	critical-css-gate	2026-09-07T13:28:46Z	2026-09-07T13:29:39Z	success	1000727410	14
34126270478	2026-09-07T13:14:22Z	test	2026-09-07T13:52:27Z	2026-09-07T13:52:30Z	success	1000727772	3
34117743806	2026-09-07T11:39:30Z	marketplace-manifest-guard	2026-09-07T11:39:33Z	2026-09-07T11:39:48Z	success	1000725602	7
34117743806	2026-09-07T11:39:30Z	lint-bot-statuses	2026-09-07T11:39:34Z	2026-09-07T11:40:07Z	success	1000725598	15
34117743806	2026-09-07T11:39:30Z	service-role-allowlist-gate	2026-09-07T11:39:33Z	2026-09-07T11:39:45Z	success	1000725599	6
34117743806	2026-09-07T11:39:30Z	test-bun	2026-09-07T11:39:33Z	2026-09-07T11:40:38Z	success	1000725601	10
34117743806	2026-09-07T11:39:30Z	readme-counts	2026-09-07T11:39:33Z	2026-09-07T11:39:48Z	success	1000725600	5
34117743806	2026-09-07T11:39:30Z	lint-conversations-update-callsites	2026-09-07T11:39:33Z	2026-09-07T11:39:47Z	success	1000725604	5
34117743806	2026-09-07T11:39:30Z	encryption-posture	2026-09-07T11:39:33Z	2026-09-07T11:39:46Z	success	1000725603	5
34117743806	2026-09-07T11:39:30Z	e2e	2026-09-07T11:39:34Z	2026-09-07T11:43:18Z	success	1000725605	10
34117743806	2026-09-07T11:39:30Z	test-scripts	2026-09-07T11:40:10Z	2026-09-07T12:14:46Z	success	1000725617	9
34117743806	2026-09-07T11:39:30Z	rule-metrics-shape	2026-09-07T11:39:50Z	2026-09-07T11:39:59Z	success	1000725609	5
34117743806	2026-09-07T11:39:30Z	detect-changes	2026-09-07T11:40:21Z	2026-09-07T11:40:36Z	success	1000725621	5
34117743806	2026-09-07T11:39:30Z	test-webplat (1/2)	2026-09-07T11:39:50Z	2026-09-07T11:43:44Z	success	1000725610	11
34117743806	2026-09-07T11:39:30Z	rule-body-lint	2026-09-07T11:39:33Z	2026-09-07T11:39:48Z	success	1000725606	5
34117743806	2026-09-07T11:39:30Z	adr-ordinals	2026-09-07T11:40:22Z	2026-09-07T11:40:29Z	success	1000725622	5
34117743806	2026-09-07T11:39:30Z	grok-fidelity	2026-09-07T11:39:50Z	2026-09-07T11:40:07Z	success	1000725611	8
34117743806	2026-09-07T11:39:30Z	web-platform-build	2026-09-07T11:40:16Z	2026-09-07T11:41:49Z	success	1000725619	8
34117743806	2026-09-07T11:39:30Z	credential-path-guard	2026-09-07T11:40:38Z	2026-09-07T11:40:55Z	success	1000725625	5
34117743806	2026-09-07T11:39:30Z	tc-document-sha-guard	2026-09-07T11:40:32Z	2026-09-07T11:40:50Z	success	1000725623	5
34117743806	2026-09-07T11:39:30Z	test-webplat (2/2)	2026-09-07T11:40:41Z	2026-09-07T11:43:25Z	success	1000725627	11
34117743806	2026-09-07T11:39:30Z	lockfile-sync	2026-09-07T11:40:40Z	2026-09-07T11:41:09Z	success	1000725626	15
34117743806	2026-09-07T11:39:30Z	lint-webplat	2026-09-07T11:40:43Z	2026-09-07T11:42:09Z	success	1000725628	9
34117743806	2026-09-07T11:39:30Z	sandbox-canary-capture-gate	2026-09-07T11:39:31Z	2026-09-07T11:39:30Z	skipped	null	0
34117743806	2026-09-07T11:39:30Z	plugin-root-propagation-gate	2026-09-07T11:39:31Z	2026-09-07T11:39:30Z	skipped	null	0
34117743806	2026-09-07T11:39:30Z	critical-css-gate	2026-09-07T11:42:10Z	2026-09-07T11:43:04Z	success	1000725642	14
34117743806	2026-09-07T11:39:30Z	test	2026-09-07T12:14:49Z	2026-09-07T12:14:52Z	success	1000726062	3
34110360372	2026-09-07T10:13:58Z	encryption-posture	2026-09-07T10:14:31Z	2026-09-07T10:14:46Z	success	1000724660	5
34110360372	2026-09-07T10:13:58Z	e2e	2026-09-07T10:14:09Z	2026-09-07T10:17:49Z	success	1000724653	10
34110360372	2026-09-07T10:13:58Z	credential-path-guard	2026-09-07T10:15:01Z	2026-09-07T10:15:17Z	success	1000724668	5
34110360372	2026-09-07T10:13:58Z	detect-changes	2026-09-07T10:17:15Z	2026-09-07T10:17:31Z	success	1000724692	5
34110360372	2026-09-07T10:13:58Z	test-webplat (2/2)	2026-09-07T10:15:33Z	2026-09-07T10:19:08Z	success	1000724676	11
34110360372	2026-09-07T10:13:58Z	test-webplat (1/2)	2026-09-07T10:17:02Z	2026-09-07T10:21:20Z	success	1000724689	11
34110360372	2026-09-07T10:13:58Z	lint-webplat	2026-09-07T10:15:16Z	2026-09-07T10:16:49Z	success	1000724670	9
34110360372	2026-09-07T10:13:58Z	adr-ordinals	2026-09-07T10:18:01Z	2026-09-07T10:18:12Z	success	1000724703	5
34110360372	2026-09-07T10:13:58Z	marketplace-manifest-guard	2026-09-07T10:18:15Z	2026-09-07T10:18:24Z	success	1000724705	7
34110360372	2026-09-07T10:13:58Z	grok-fidelity	2026-09-07T10:17:10Z	2026-09-07T10:17:26Z	success	1000724690	8
34110360372	2026-09-07T10:13:58Z	lint-bot-statuses	2026-09-07T10:17:29Z	2026-09-07T10:18:00Z	success	1000724695	15
34110360372	2026-09-07T10:13:58Z	readme-counts	2026-09-07T10:19:01Z	2026-09-07T10:19:11Z	success	1000724712	5
34110360372	2026-09-07T10:13:58Z	service-role-allowlist-gate	2026-09-07T10:18:56Z	2026-09-07T10:19:10Z	success	1000724711	6
34110360372	2026-09-07T10:13:58Z	tc-document-sha-guard	2026-09-07T10:17:34Z	2026-09-07T10:17:51Z	success	1000724696	5
34110360372	2026-09-07T10:13:58Z	lint-conversations-update-callsites	2026-09-07T10:18:49Z	2026-09-07T10:18:56Z	success	1000724710	5
34110360372	2026-09-07T10:13:58Z	test-scripts	2026-09-07T10:17:18Z	2026-09-07T10:46:55Z	success	1000724693	9
34110360372	2026-09-07T10:13:58Z	web-platform-build	2026-09-07T10:18:15Z	2026-09-07T10:20:01Z	success	1000724706	8
34110360372	2026-09-07T10:13:58Z	test-bun	2026-09-07T10:18:16Z	2026-09-07T10:19:29Z	success	1000724707	10
34110360372	2026-09-07T10:13:58Z	rule-body-lint	2026-09-07T10:17:41Z	2026-09-07T10:17:58Z	success	1000724698	5
34110360372	2026-09-07T10:13:58Z	rule-metrics-shape	2026-09-07T10:18:03Z	2026-09-07T10:18:13Z	success	1000724704	5
34110360372	2026-09-07T10:13:58Z	lockfile-sync	2026-09-07T10:18:27Z	2026-09-07T10:18:57Z	success	1000724709	15
34110360372	2026-09-07T10:13:58Z	plugin-root-propagation-gate	2026-09-07T10:13:59Z	2026-09-07T10:13:59Z	skipped	null	0
34110360372	2026-09-07T10:13:58Z	sandbox-canary-capture-gate	2026-09-07T10:13:59Z	2026-09-07T10:13:59Z	skipped	null	0
34110360372	2026-09-07T10:13:58Z	critical-css-gate	2026-09-07T10:19:00Z	2026-09-07T10:19:55Z	success	1000724713	14
34110360372	2026-09-07T10:13:58Z	test	2026-09-07T10:46:58Z	2026-09-07T10:47:00Z	success	1000724848	3
34103753899	2026-09-07T09:02:01Z	rule-body-lint	2026-09-07T09:02:04Z	2026-09-07T09:02:19Z	success	1000723973	5
34103753899	2026-09-07T09:02:01Z	adr-ordinals	2026-09-07T09:02:04Z	2026-09-07T09:02:17Z	success	1000723976	5
34103753899	2026-09-07T09:02:01Z	test-webplat (1/2)	2026-09-07T09:02:04Z	2026-09-07T09:06:23Z	success	1000723977	11
34103753899	2026-09-07T09:02:01Z	tc-document-sha-guard	2026-09-07T09:02:06Z	2026-09-07T09:02:26Z	success	1000723980	5
34103753899	2026-09-07T09:02:01Z	service-role-allowlist-gate	2026-09-07T09:02:04Z	2026-09-07T09:02:17Z	success	1000723979	6
34103753899	2026-09-07T09:02:01Z	test-webplat (2/2)	2026-09-07T09:02:05Z	2026-09-07T09:05:33Z	success	1000723975	11
34103753899	2026-09-07T09:02:01Z	lint-conversations-update-callsites	2026-09-07T09:02:22Z	2026-09-07T09:02:29Z	success	1000723993	5
34103753899	2026-09-07T09:02:01Z	lint-bot-statuses	2026-09-07T09:02:04Z	2026-09-07T09:02:37Z	success	1000723987	15
34103753899	2026-09-07T09:02:01Z	detect-changes	2026-09-07T09:02:05Z	2026-09-07T09:02:22Z	success	1000723983	5
34103753899	2026-09-07T09:02:01Z	encryption-posture	2026-09-07T09:02:05Z	2026-09-07T09:02:21Z	success	1000723981	5
34103753899	2026-09-07T09:02:01Z	lint-webplat	2026-09-07T09:02:04Z	2026-09-07T09:03:39Z	success	1000723982	9
34103753899	2026-09-07T09:02:01Z	lockfile-sync	2026-09-07T09:02:43Z	2026-09-07T09:03:18Z	success	1000724003	15
34103753899	2026-09-07T09:02:01Z	e2e	2026-09-07T09:02:05Z	2026-09-07T09:05:55Z	success	1000723978	10
34103753899	2026-09-07T09:02:01Z	readme-counts	2026-09-07T09:02:05Z	2026-09-07T09:02:16Z	success	1000723984	5
34103753899	2026-09-07T09:02:01Z	test-bun	2026-09-07T09:02:04Z	2026-09-07T09:03:05Z	success	1000723986	10
34103753899	2026-09-07T09:02:01Z	web-platform-build	2026-09-07T09:02:04Z	2026-09-07T09:04:01Z	success	1000723985	8
34103753899	2026-09-07T09:02:01Z	marketplace-manifest-guard	2026-09-07T09:02:04Z	2026-09-07T09:02:18Z	success	1000723988	7
34103753899	2026-09-07T09:02:01Z	rule-metrics-shape	2026-09-07T09:02:38Z	2026-09-07T09:02:48Z	success	1000724001	5
34103753899	2026-09-07T09:02:01Z	grok-fidelity	2026-09-07T09:03:08Z	2026-09-07T09:03:20Z	success	1000724007	8
34103753899	2026-09-07T09:02:01Z	credential-path-guard	2026-09-07T09:02:55Z	2026-09-07T09:03:11Z	success	1000724006	5
34103753899	2026-09-07T09:02:01Z	test-scripts	2026-09-07T09:03:18Z	2026-09-07T09:34:55Z	success	1000724009	9
34103753899	2026-09-07T09:02:01Z	sandbox-canary-capture-gate	2026-09-07T09:02:02Z	2026-09-07T09:02:01Z	skipped	null	0
34103753899	2026-09-07T09:02:01Z	plugin-root-propagation-gate	2026-09-07T09:02:02Z	2026-09-07T09:02:01Z	skipped	null	0
34103753899	2026-09-07T09:02:01Z	critical-css-gate	2026-09-07T09:03:26Z	2026-09-07T09:04:30Z	success	1000724012	14
34103753899	2026-09-07T09:02:01Z	test	2026-09-07T09:34:57Z	2026-09-07T09:35:00Z	success	1000724177	3
