7975	1	8	8	2
7976	1	11	11	3
7984	1	5	5	0
7986	1	4	4	2
7987	1	5	5	0
7989	1	12	12	5
7990	1	19	19	3
8002	1	9	9	0
8003	1	7	7	0
8011	1	1	1	0
8019	1	10	10	2
8023	1	2	2	1
8025	1	5	5	0
8026	1	6	6	3
8029	1	5	5	0
8031	1	3	3	0
8034	1	5	5	0
8035	1	7	7	1
8038	1	14	14	1
8052	1	5	5	1
8056	1	5	5	1
8060	1	2	2	0
8061	1	11	11	1
8066	1	2	2	0
8069	1	8	8	1
8070	1	5	5	2
8073	1	6	6	2
8074	1	10	10	2
8075	1	3	3	0
8082	1	34	34	3
8110	1	4	4	2
8118	1	2	2	0
8120	1	4	4	2
8121	1	2	2	0
8126	1	2	2	0
8128	1	5	5	0
8135	1	4	4	2
8137	1	8	8	3
8139	1	5	5	1
8149	1	4	4	1
8150	1	6	6	1
8151	1	8	8	2
8152	1	5	5	0
8153	1	5	5	0
8154	1	2	2	0
8155	1	11	11	2
8171	1	4	4	1
8173	1	3	3	0
8175	1	11	11	3
8185	1	4	4	0
8187	1	7	7	2
8191	1	2	2	1
8206	1	6	6	1
8207	1	4	4	0
8213	1	4	4	1
8214	1	5	5	0
8215	1	3	3	0
8216	1	10	10	1
8233	1	5	5	0
8239	1	3	3	2
8240	1	12	12	4
8241	1	5	6	1
8242	1	4	4	1
8248	1	10	10	2
8255	1	5	5	0
8262	1	12	12	2
8270	1	14	14	3
8272	1	7	7	1
8275	1	6	6	0
8276	1	10	10	2
8297	1	7	7	1
8300	1	15	15	0
8301	1	9	9	2
8312	1	8	8	1
8313	1	7	7	1
8314	1	3	3	0
8319	1	4	4	0
8320	1	12	12	0
8321	1	8	8	0
8329	1	7	7	3
8338	1	8	8	0
8343	1	2	2	0
8344	1	3	3	0
8346	1	4	4	1
8352	1	6	6	0
8354	1	5	5	1
8355	1	5	5	0
8360	1	5	5	2
8362	1	8	8	0
8378	1	10	10	1
8382	1	8	8	0
8384	1	7	7	2
8387	1	8	8	1
8388	1	12	12	3
8389	1	6	6	1
8391	1	5	5	1
8394	1	4	4	0
8405	1	6	6	1
8418	1	6	6	2
8421	1	2	2	0
8426	1	13	13	0
8428	1	2	2	0
8430	1	1	1	0
8439	1	11	11	0
8453	1	7	7	2
8454	1	5	5	0
8456	1	8	8	0
8459	1	2	2	0
8471	1	8	8	0
8472	1	10	10	1
8474	1	8	8	0
8475	1	2	2	1
8484	1	2	2	1
8488	1	8	8	1
8493	1	6	6	0
8494	1	7	7	0
8504	1	5	5	0
8507	1	35	35	2
8510	1	7	7	2
8511	1	6	6	3
8514	1	5	5	0
8536	1	11	11	0
8537	1	9	9	0
8538	1	9	9	0
8543	1	1	1	0
8547	1	7	7	0
8560	1	13	13	1
8563	1	12	12	2
8564	1	7	7	2
8567	1	6	6	2
8568	1	10	10	0
8570	1	8	8	2
8576	1	7	7	1
8581	1	1	1	1
8585	1	6	6	2
8588	1	8	8	1
8596	1	12	12	0
8597	1	9	9	2
8600	1	7	7	2
8601	1	7	7	1
8602	1	9	9	1
8611	1	8	8	2
8617	1	7	7	0
8618	1	4	4	1
8619	1	5	5	0
8627	1	6	6	0
8631	1	2	2	0
8639	1	8	8	0
8641	1	7	7	0
8642	1	9	9	2
8644	1	13	13	1
8647	1	8	8	0
8648	1	7	7	1
8649	1	3	3	0
8650	1	12	12	0
8654	1	7	7	2
8660	1	10	10	3
8665	1	4	4	0
8666	1	7	7	0
8667	1	5	5	0
8669	1	7	7	0
8679	1	7	7	0
8685	1	5	5	1
8686	1	5	5	0
8687	1	10	10	1
8690	1	10	10	3
8691	1	7	7	1
8694	1	11	11	0
8703	1	6	6	1
8708	1	7	7	1
8711	1	11	11	1
8717	1	7	7	1
8718	1	2	2	0
8727	1	9	9	2
8731	1	11	11	0
8732	1	9	9	1
8733	1	6	6	1
8738	1	20	20	4
8741	1	2	2	0
8755	1	7	7	0
8756	1	11	11	0
8758	1	8	8	0
8759	1	5	5	0
8763	1	14	14	3
8765	1	8	8	4
8766	1	7	7	0
8768	1	5	5	0
8770	1	9	9	0
8775	1	10	10	0
8779	1	4	4	1
8794	1	7	7	0
8801	1	11	11	1
8831	1	8	8	1
8832	1	5	5	0
8835	1	10	10	0
8836	1	7	7	0
8837	1	8	8	0
8842	1	7	7	0
8848	1	6	6	0
8849	1	7	7	1
8852	1	10	10	0
8853	1	10	10	0
8854	1	7	7	0
8860	1	2	2	0
8866	1	6	6	0
8868	1	7	7	1
8873	1	8	8	1
8878	1	7	7	0
8886	1	7	7	0
8887	1	6	6	0
8891	1	1	1	0
8892	1	9	9	0
8897	1	4	4	1
8900	1	4	4	1
8902	1	3	3	1
8903	1	6	6	0
8904	1	11	11	5
8919	1	5	5	1
8967	1	7	7	0
8968	1	8	8	1
8979	1	2	2	0
8980	1	1	1	0
8984	1	8	8	0
9027	1	8	8	0
9033	1	5	5	0
9034	1	14	14	4
9036	1	7	7	0
9044	1	6	6	0
9048	1	7	7	0
9049	1	9	9	0
9050	1	3	3	1
9054	1	7	7	0
9059	1	6	6	1
9062	1	6	6	0
9071	1	8	8	1
9072	1	6	6	1
9079	1	7	7	1
9084	1	8	8	1
9088	1	6	6	0
9094	1	8	8	0
9096	1	7	7	1
9098	1	6	6	1
9099	1	8	8	1
9113	1	6	6	1
9115	1	13	13	2
9119	1	4	4	0
9134	1	5	5	1
9136	1	6	6	0
9147	1	3	3	1
9150	1	8	8	0
9155	1	4	4	1
9156	1	3	3	2
9159	1	8	8	1
9163	1	10	10	1
9164	1	4	4	0
9179	1	10	10	3
9180	1	6	6	1
9183	1	11	11	1
9184	1	12	12	6
9197	1	8	8	2
9198	1	5	5	0
9199	1	8	8	0
9201	1	6	6	2
9212	1	2	2	1
9213	1	9	9	2
9218	1	8	8	5
9223	1	5	5	0
9233	1	11	11	2
9236	1	4	4	0
9240	1	8	8	0
9241	1	11	11	1
9242	1	8	8	2
9253	1	4	4	0
9260	1	6	6	0
9261	1	9	9	2
9263	1	10	10	3
9264	1	9	9	1
9266	1	9	9	0
9267	1	10	10	0
9270	1	9	9	0
9271	1	7	7	2
9279	1	10	10	1
9280	1	7	7	0
9283	1	8	8	1
9286	1	6	6	1
9287	1	9	9	0
9290	1	10	10	0
9292	1	7	7	0
9301	1	8	8	1
9302	1	10	10	0
9303	1	10	10	1
9306	1	13	13	4
9315	1	7	7	1
9324	1	7	7	2
9336	1	6	6	1
9337	1	10	10	2
9338	1	8	8	0
9339	1	10	10	1
9344	1	6	6	0
9348	1	18	18	1
9349	1	5	5	0
9352	1	8	8	2
9353	1	10	10	0
9360	1	7	7	0
9375	1	9	9	0
9376	1	8	8	1
9383	1	7	7	0
9385	1	7	7	2
9386	1	6	6	2
9397	1	13	13	2
9404	1	15	15	7
9405	1	11	11	2
9406	1	8	8	2
9407	1	10	10	5
9408	1	11	11	1
9409	1	7	7	3
9411	1	15	15	5
9416	1	8	8	0
9422	1	15	15	3
9423	1	7	7	0
9448	1	28	28	2
9449	1	9	9	1
9451	1	11	11	1
9452	1	8	8	0
9453	1	11	11	2
9455	1	14	14	3
9456	1	13	13	5
9467	1	10	10	0
9474	1	13	13	2
9476	1	8	8	0
9477	1	12	12	2
9478	1	7	7	0
9481	1	10	10	4
9487	1	8	8	0
9491	1	11	11	0
9494	1	7	7	1
9496	1	13	13	4
9505	1	12	12	1
9511	1	8	8	0
9514	1	14	14	3
9523	1	11	11	2
9525	1	10	10	2
9527	1	8	8	0
9532	1	13	13	3
9535	1	10	10	0
9536	1	6	6	1
9537	1	9	9	2
9540	1	6	6	0
9541	1	11	11	2
9552	1	11	11	1
9554	1	8	8	4
9560	1	7	7	0
9562	1	9	9	0
9569	1	13	13	0
9570	1	17	17	2
9571	1	11	11	0
9576	1	15	15	0
9584	1	16	16	0
9587	1	11	12	2
9594	1	11	11	2
9595	1	9	9	2
9596	1	10	10	4
9598	1	10	10	3
9599	1	20	20	2
9607	1	11	11	2
9621	1	3	3	0
9628	1	12	12	1
9630	1	9	9	1
9631	1	9	9	0
9632	1	7	7	0
9633	1	7	7	0
9634	1	6	6	1
9635	1	1	1	0
9636	1	10	10	2
9637	1	16	16	2
9653	1	28	28	3
9654	1	8	8	1
9655	1	9	9	0
9660	1	12	12	3
9662	1	3	3	0
9665	1	10	10	0
9674	1	5	5	2
9675	1	10	10	4
9676	1	10	10	1
9680	1	8	8	0
9681	1	4	4	1
9684	1	4	4	0
9687	1	7	7	1
9690	1	9	9	0
9697	1	12	12	0
9698	1	2	2	0
9699	1	12	12	1
9707	1	0	0	0
9708	1	8	8	0
9709	1	8	8	1
9710	1	14	14	1
9720	1	8	8	3
9722	1	10	10	0
9733	1	1	1	0
9736	1	4	4	0
9751	1	6	6	3
9753	1	12	12	4
9754	1	12	12	2
9765	1	12	12	1
9766	1	5	5	1
9768	1	9	9	4
9769	1	9	9	0
9783	1	8	8	0
